,answer,answerUser,feature
0,0.9,A39OBMGPC1917V,"exports_[1163000, 10071333333.333]_0"
1,0.6,A2LL81ERU0Y7E6,"exports_[1163000, 10071333333.333]_0"
2,0.9,AMA18W8F60Y2J,"exports_[1163000, 10071333333.333]_0"
3,0.6,ANMXMEB55AGM6,"exports_[1163000, 10071333333.333]_0"
4,0.5,A2NAKIXS3DVGAA,"exports_[1163000, 10071333333.333]_0"
5,0.7,AL36KBFL3ORCD,"exports_[1163000, 10071333333.333]_0"
6,0.9,A1KH1O9AZ7S642,"exports_[1163000, 10071333333.333]_0"
7,0.7,A34GXB9CLD01FZ,"exports_[1163000, 10071333333.333]_0"
8,0.1,AQ07VGUPLAGEU,"exports_[1163000, 10071333333.333]_0"
9,0.8,A2WC2NO555XU3J,"exports_[1163000, 10071333333.333]_0"
16,0.8,AVCXJ9M71WDCB,"exports_[1163000, 10071333333.333]_0"
18,0.7,A1SWTHM03SN731,"exports_[1163000, 10071333333.333]_0"
19,0.4,A8GWYS9O8FUEK,"exports_[1163000, 10071333333.333]_0"
21,0.8,A1JR1MJO1PQUYG,"exports_[1163000, 10071333333.333]_0"
22,0.5,ATIUQQLY0LCNA,"exports_[1163000, 10071333333.333]_0"
23,0.9,A360G7Q6RO5XRL,"exports_[1163000, 10071333333.333]_0"
24,0.5,A39Q6EA421OBQE,"exports_[1163000, 10071333333.333]_0"
25,0.8,AZACNY1H74YWS,"exports_[1163000, 10071333333.333]_0"
26,0.8,AMCJ2CQOZ6BD2,"exports_[1163000, 10071333333.333]_0"
27,0.6,A14MLOVO4YH17Z,"exports_[1163000, 10071333333.333]_0"
28,0.4,A1RHQEWFCONEP8,"exports_[1163000, 10071333333.333]_0"
29,0.5,A3O9Q7AV4TDE4G,"exports_[1163000, 10071333333.333]_0"
33,0.4,A2HGAQ9WOEU9PN,"exports_[1163000, 10071333333.333]_0"
35,0.7,A1POQWMOWKNQCN,"exports_[1163000, 10071333333.333]_0"
37,0.5,A369K7I5SXBPNC,"exports_[1163000, 10071333333.333]_0"
38,0.8,A2VBSFSJXLZZ7A,"exports_[1163000, 10071333333.333]_0"
39,0.5,A3DT085TCZLLMH,"exports_[1163000, 10071333333.333]_0"
40,0.7,A3959BXDXZLWX2,"exports_[1163000, 10071333333.333]_0"
41,0.3,A163J5TEJBO43B,"exports_[1163000, 10071333333.333]_0"
42,0.9,AP0A2XBW34SZJ,"exports_[1163000, 10071333333.333]_0"
43,0.6,A3L2UB07EZJAMD,"exports_[1163000, 10071333333.333]_0"
44,0.2,A2D4VR2C6O7Z1Z,"exports_[1163000, 10071333333.333]_0"
47,0.9,A1SLJKNSNHOJRN,"exports_[1163000, 10071333333.333]_0"
48,0.8,A3TUV36R7RR04T,"exports_[1163000, 10071333333.333]_0"
49,0.8,A1P1UEH9PMSHXG,"exports_[1163000, 10071333333.333]_0"
50,0.8,ADEMAGRRRGSPT,"exports_[1163000, 10071333333.333]_0"
51,0.2,A39OBMGPC1917V,"exports_[1163000, 10071333333.333]_1"
52,0.3,A2LL81ERU0Y7E6,"exports_[1163000, 10071333333.333]_1"
53,0.5,AMA18W8F60Y2J,"exports_[1163000, 10071333333.333]_1"
54,0.4,ANMXMEB55AGM6,"exports_[1163000, 10071333333.333]_1"
55,0.3,A2NAKIXS3DVGAA,"exports_[1163000, 10071333333.333]_1"
56,0.4,AL36KBFL3ORCD,"exports_[1163000, 10071333333.333]_1"
57,0.4,A1KH1O9AZ7S642,"exports_[1163000, 10071333333.333]_1"
58,0.3,A34GXB9CLD01FZ,"exports_[1163000, 10071333333.333]_1"
59,0.5,AQ07VGUPLAGEU,"exports_[1163000, 10071333333.333]_1"
60,0.3,A2WC2NO555XU3J,"exports_[1163000, 10071333333.333]_1"
67,0.2,AVCXJ9M71WDCB,"exports_[1163000, 10071333333.333]_1"
69,0.3,A1SWTHM03SN731,"exports_[1163000, 10071333333.333]_1"
70,0.5,A8GWYS9O8FUEK,"exports_[1163000, 10071333333.333]_1"
72,0.2,A1JR1MJO1PQUYG,"exports_[1163000, 10071333333.333]_1"
73,0.1,ATIUQQLY0LCNA,"exports_[1163000, 10071333333.333]_1"
74,0.3,A360G7Q6RO5XRL,"exports_[1163000, 10071333333.333]_1"
75,0.4,A39Q6EA421OBQE,"exports_[1163000, 10071333333.333]_1"
76,0.7,AZACNY1H74YWS,"exports_[1163000, 10071333333.333]_1"
77,0.5,AMCJ2CQOZ6BD2,"exports_[1163000, 10071333333.333]_1"
78,0.3,A14MLOVO4YH17Z,"exports_[1163000, 10071333333.333]_1"
79,0.4,A1RHQEWFCONEP8,"exports_[1163000, 10071333333.333]_1"
80,0.6,A3O9Q7AV4TDE4G,"exports_[1163000, 10071333333.333]_1"
84,0.2,A2HGAQ9WOEU9PN,"exports_[1163000, 10071333333.333]_1"
86,0.1,A1POQWMOWKNQCN,"exports_[1163000, 10071333333.333]_1"
88,0.2,A369K7I5SXBPNC,"exports_[1163000, 10071333333.333]_1"
89,0.1,A2VBSFSJXLZZ7A,"exports_[1163000, 10071333333.333]_1"
90,0.1,A3DT085TCZLLMH,"exports_[1163000, 10071333333.333]_1"
91,0.3,A3959BXDXZLWX2,"exports_[1163000, 10071333333.333]_1"
92,0.1,A163J5TEJBO43B,"exports_[1163000, 10071333333.333]_1"
93,0.3,AP0A2XBW34SZJ,"exports_[1163000, 10071333333.333]_1"
94,0.2,A3L2UB07EZJAMD,"exports_[1163000, 10071333333.333]_1"
95,0.2,A2D4VR2C6O7Z1Z,"exports_[1163000, 10071333333.333]_1"
98,0.3,A1SLJKNSNHOJRN,"exports_[1163000, 10071333333.333]_1"
99,0.2,A3TUV36R7RR04T,"exports_[1163000, 10071333333.333]_1"
100,0.1,A1P1UEH9PMSHXG,"exports_[1163000, 10071333333.333]_1"
101,0.2,ADEMAGRRRGSPT,"exports_[1163000, 10071333333.333]_1"
102,0.7,A39OBMGPC1917V,"exports_[1163000, 10071333333.333]"
103,0.4,A2LL81ERU0Y7E6,"exports_[1163000, 10071333333.333]"
104,0.7,AMA18W8F60Y2J,"exports_[1163000, 10071333333.333]"
105,0.8,ANMXMEB55AGM6,"exports_[1163000, 10071333333.333]"
106,0.5,A2NAKIXS3DVGAA,"exports_[1163000, 10071333333.333]"
107,0.6,AL36KBFL3ORCD,"exports_[1163000, 10071333333.333]"
108,0.3,A1KH1O9AZ7S642,"exports_[1163000, 10071333333.333]"
109,0.1,A34GXB9CLD01FZ,"exports_[1163000, 10071333333.333]"
110,0.2,AQ07VGUPLAGEU,"exports_[1163000, 10071333333.333]"
111,0.7,A2WC2NO555XU3J,"exports_[1163000, 10071333333.333]"
118,0.4,AVCXJ9M71WDCB,"exports_[1163000, 10071333333.333]"
120,0.3,A1SWTHM03SN731,"exports_[1163000, 10071333333.333]"
121,0.7,A8GWYS9O8FUEK,"exports_[1163000, 10071333333.333]"
123,0.2,A1JR1MJO1PQUYG,"exports_[1163000, 10071333333.333]"
124,0.6,ATIUQQLY0LCNA,"exports_[1163000, 10071333333.333]"
125,0.8,A360G7Q6RO5XRL,"exports_[1163000, 10071333333.333]"
126,0.6,A39Q6EA421OBQE,"exports_[1163000, 10071333333.333]"
127,0.9,AZACNY1H74YWS,"exports_[1163000, 10071333333.333]"
128,0.6,AMCJ2CQOZ6BD2,"exports_[1163000, 10071333333.333]"
129,0.8,A14MLOVO4YH17Z,"exports_[1163000, 10071333333.333]"
130,0.2,A1RHQEWFCONEP8,"exports_[1163000, 10071333333.333]"
131,0.4,A3O9Q7AV4TDE4G,"exports_[1163000, 10071333333.333]"
135,0.7,A2HGAQ9WOEU9PN,"exports_[1163000, 10071333333.333]"
137,0.6,A1POQWMOWKNQCN,"exports_[1163000, 10071333333.333]"
139,0.6,A369K7I5SXBPNC,"exports_[1163000, 10071333333.333]"
140,0.2,A2VBSFSJXLZZ7A,"exports_[1163000, 10071333333.333]"
141,0.1,A3DT085TCZLLMH,"exports_[1163000, 10071333333.333]"
142,0.4,A3959BXDXZLWX2,"exports_[1163000, 10071333333.333]"
143,0.4,A163J5TEJBO43B,"exports_[1163000, 10071333333.333]"
144,0.2,AP0A2XBW34SZJ,"exports_[1163000, 10071333333.333]"
145,0.5,A3L2UB07EZJAMD,"exports_[1163000, 10071333333.333]"
146,0.3,A2D4VR2C6O7Z1Z,"exports_[1163000, 10071333333.333]"
149,0.4,A1SLJKNSNHOJRN,"exports_[1163000, 10071333333.333]"
150,0.4,A3TUV36R7RR04T,"exports_[1163000, 10071333333.333]"
151,0.1,A1P1UEH9PMSHXG,"exports_[1163000, 10071333333.333]"
152,0.6,ADEMAGRRRGSPT,"exports_[1163000, 10071333333.333]"
153,0.2,A12FQA7MZPXMB2,"unemployment rate_[0.3, 6.433]_0"
154,0.7,A1XHFQKX09Y1RD,"unemployment rate_[0.3, 6.433]_0"
155,0.4,A3F8G26PENQ6EO,"unemployment rate_[0.3, 6.433]_0"
156,0.5,A3O9Q7AV4TDE4G,"unemployment rate_[0.3, 6.433]_0"
157,0.1,A2954N7SOFA1WN,"unemployment rate_[0.3, 6.433]_0"
158,0.4,A2JCK494NV7TFX,"unemployment rate_[0.3, 6.433]_0"
159,0.2,A34A7QEBMYTALW,"unemployment rate_[0.3, 6.433]_0"
160,0.3,ANMXMEB55AGM6,"unemployment rate_[0.3, 6.433]_0"
161,0.3,A248ARSA6FS20S,"unemployment rate_[0.3, 6.433]_0"
162,0.6,A2K1ESUAWL5M9,"unemployment rate_[0.3, 6.433]_0"
163,0.6,A20CZCJPRP54G9,"unemployment rate_[0.3, 6.433]_0"
164,0.6,ATB9VOR75W6P3,"unemployment rate_[0.3, 6.433]_0"
165,0.2,AX0KHOWMMM6Z2,"unemployment rate_[0.3, 6.433]_0"
171,0.3,AY7WPVKHVNBLG,"unemployment rate_[0.3, 6.433]_0"
173,0.1,AVDF9O70MW7X8,"unemployment rate_[0.3, 6.433]_0"
174,0.6,A2PJBSDDN22XIX,"unemployment rate_[0.3, 6.433]_0"
175,0.2,A2FI2VTA8JVYS6,"unemployment rate_[0.3, 6.433]_0"
176,0.4,A1HKYY6XI2OHO1,"unemployment rate_[0.3, 6.433]_0"
178,0.3,A2FUMA4UR6S920,"unemployment rate_[0.3, 6.433]_0"
179,0.5,A15FXOOCN5RT0,"unemployment rate_[0.3, 6.433]_0"
180,0.4,A9WGDBDXUNLOD,"unemployment rate_[0.3, 6.433]_0"
181,0.2,A1NMKXK04PZ6KK,"unemployment rate_[0.3, 6.433]_0"
182,0.2,A369K7I5SXBPNC,"unemployment rate_[0.3, 6.433]_0"
183,0.3,A3U21PUMQ6NGT2,"unemployment rate_[0.3, 6.433]_0"
184,0.2,A2BZY06YRWGEDL,"unemployment rate_[0.3, 6.433]_0"
187,0.7,A2HG1N3BVQO6I,"unemployment rate_[0.3, 6.433]_0"
188,0.4,A1LDZINXOZSW48,"unemployment rate_[0.3, 6.433]_0"
189,0.2,A3HOZA7QXYKN5Y,"unemployment rate_[0.3, 6.433]_0"
190,0.8,A2M3LVBUZLN8MO,"unemployment rate_[0.3, 6.433]_0"
191,0.1,A1BSA7FVVJGZ15,"unemployment rate_[0.3, 6.433]_0"
192,0.5,A2JCHN90PRUWDH,"unemployment rate_[0.3, 6.433]_0"
193,0.3,A3IUPHJSD8CP75,"unemployment rate_[0.3, 6.433]_0"
195,0.4,ANL13K5ZPFVJS,"unemployment rate_[0.3, 6.433]_0"
196,0.3,A15XX0WDRG29E7,"unemployment rate_[0.3, 6.433]_0"
197,0.8,A17J1CE7N49Z9D,"unemployment rate_[0.3, 6.433]_0"
198,0.1,A4NRNY8PZV1JW,"unemployment rate_[0.3, 6.433]_0"
199,0.3,A1GF29TP5AVQ49,"unemployment rate_[0.3, 6.433]_0"
200,0.2,A2531UD0IGT731,"unemployment rate_[0.3, 6.433]_0"
201,0.2,A2KXARDIOGJL8T,"unemployment rate_[0.3, 6.433]_0"
202,0.8,A26XN1TM6CV01T,"unemployment rate_[0.3, 6.433]_0"
203,0.4,A12FQA7MZPXMB2,"unemployment rate_[0.3, 6.433]_1"
204,0.5,A1XHFQKX09Y1RD,"unemployment rate_[0.3, 6.433]_1"
205,0.3,A3F8G26PENQ6EO,"unemployment rate_[0.3, 6.433]_1"
206,0.6,A3O9Q7AV4TDE4G,"unemployment rate_[0.3, 6.433]_1"
207,0.9,A2954N7SOFA1WN,"unemployment rate_[0.3, 6.433]_1"
208,0.9,A2JCK494NV7TFX,"unemployment rate_[0.3, 6.433]_1"
209,0.5,A34A7QEBMYTALW,"unemployment rate_[0.3, 6.433]_1"
210,0.7,ANMXMEB55AGM6,"unemployment rate_[0.3, 6.433]_1"
211,0.5,A248ARSA6FS20S,"unemployment rate_[0.3, 6.433]_1"
212,0.1,A2K1ESUAWL5M9,"unemployment rate_[0.3, 6.433]_1"
213,0.4,A20CZCJPRP54G9,"unemployment rate_[0.3, 6.433]_1"
214,0.6,ATB9VOR75W6P3,"unemployment rate_[0.3, 6.433]_1"
215,0.8,AX0KHOWMMM6Z2,"unemployment rate_[0.3, 6.433]_1"
221,0.9,AY7WPVKHVNBLG,"unemployment rate_[0.3, 6.433]_1"
223,0.6,AVDF9O70MW7X8,"unemployment rate_[0.3, 6.433]_1"
224,0.5,A2PJBSDDN22XIX,"unemployment rate_[0.3, 6.433]_1"
225,0.7,A2FI2VTA8JVYS6,"unemployment rate_[0.3, 6.433]_1"
226,0.9,A1HKYY6XI2OHO1,"unemployment rate_[0.3, 6.433]_1"
228,0.2,A2FUMA4UR6S920,"unemployment rate_[0.3, 6.433]_1"
229,0.5,A15FXOOCN5RT0,"unemployment rate_[0.3, 6.433]_1"
230,0.3,A9WGDBDXUNLOD,"unemployment rate_[0.3, 6.433]_1"
231,0.7,A1NMKXK04PZ6KK,"unemployment rate_[0.3, 6.433]_1"
232,0.4,A369K7I5SXBPNC,"unemployment rate_[0.3, 6.433]_1"
233,0.4,A3U21PUMQ6NGT2,"unemployment rate_[0.3, 6.433]_1"
234,0.2,A2BZY06YRWGEDL,"unemployment rate_[0.3, 6.433]_1"
237,0.5,A2HG1N3BVQO6I,"unemployment rate_[0.3, 6.433]_1"
238,0.6,A1LDZINXOZSW48,"unemployment rate_[0.3, 6.433]_1"
239,0.3,A3HOZA7QXYKN5Y,"unemployment rate_[0.3, 6.433]_1"
240,0.3,A2M3LVBUZLN8MO,"unemployment rate_[0.3, 6.433]_1"
241,0.1,A1BSA7FVVJGZ15,"unemployment rate_[0.3, 6.433]_1"
242,0.5,A2JCHN90PRUWDH,"unemployment rate_[0.3, 6.433]_1"
243,0.1,A3IUPHJSD8CP75,"unemployment rate_[0.3, 6.433]_1"
245,0.5,ANL13K5ZPFVJS,"unemployment rate_[0.3, 6.433]_1"
246,0.7,A15XX0WDRG29E7,"unemployment rate_[0.3, 6.433]_1"
247,0.3,A17J1CE7N49Z9D,"unemployment rate_[0.3, 6.433]_1"
248,0.3,A4NRNY8PZV1JW,"unemployment rate_[0.3, 6.433]_1"
249,0.8,A1GF29TP5AVQ49,"unemployment rate_[0.3, 6.433]_1"
250,0.8,A2531UD0IGT731,"unemployment rate_[0.3, 6.433]_1"
251,0.6,A2KXARDIOGJL8T,"unemployment rate_[0.3, 6.433]_1"
252,0.9,A26XN1TM6CV01T,"unemployment rate_[0.3, 6.433]_1"
253,0.2,A12FQA7MZPXMB2,"unemployment rate_[0.3, 6.433]"
254,0.3,A1XHFQKX09Y1RD,"unemployment rate_[0.3, 6.433]"
255,0.4,A3F8G26PENQ6EO,"unemployment rate_[0.3, 6.433]"
256,0.4,A3O9Q7AV4TDE4G,"unemployment rate_[0.3, 6.433]"
257,0.3,A2954N7SOFA1WN,"unemployment rate_[0.3, 6.433]"
258,0.3,A2JCK494NV7TFX,"unemployment rate_[0.3, 6.433]"
259,0.6,A34A7QEBMYTALW,"unemployment rate_[0.3, 6.433]"
260,0.5,ANMXMEB55AGM6,"unemployment rate_[0.3, 6.433]"
261,0.3,A248ARSA6FS20S,"unemployment rate_[0.3, 6.433]"
262,0.8,A2K1ESUAWL5M9,"unemployment rate_[0.3, 6.433]"
263,0.3,A20CZCJPRP54G9,"unemployment rate_[0.3, 6.433]"
264,0.3,ATB9VOR75W6P3,"unemployment rate_[0.3, 6.433]"
265,0.3,AX0KHOWMMM6Z2,"unemployment rate_[0.3, 6.433]"
271,0.2,AY7WPVKHVNBLG,"unemployment rate_[0.3, 6.433]"
273,0.2,AVDF9O70MW7X8,"unemployment rate_[0.3, 6.433]"
274,0.4,A2PJBSDDN22XIX,"unemployment rate_[0.3, 6.433]"
275,0.4,A2FI2VTA8JVYS6,"unemployment rate_[0.3, 6.433]"
276,0.6,A1HKYY6XI2OHO1,"unemployment rate_[0.3, 6.433]"
278,0.2,A2FUMA4UR6S920,"unemployment rate_[0.3, 6.433]"
279,0.2,A15FXOOCN5RT0,"unemployment rate_[0.3, 6.433]"
280,0.4,A9WGDBDXUNLOD,"unemployment rate_[0.3, 6.433]"
281,0.6,A1NMKXK04PZ6KK,"unemployment rate_[0.3, 6.433]"
282,0.4,A369K7I5SXBPNC,"unemployment rate_[0.3, 6.433]"
283,0.3,A3U21PUMQ6NGT2,"unemployment rate_[0.3, 6.433]"
284,0.1,A2BZY06YRWGEDL,"unemployment rate_[0.3, 6.433]"
287,0.6,A2HG1N3BVQO6I,"unemployment rate_[0.3, 6.433]"
288,0.1,A1LDZINXOZSW48,"unemployment rate_[0.3, 6.433]"
289,0.4,A3HOZA7QXYKN5Y,"unemployment rate_[0.3, 6.433]"
290,0.4,A2M3LVBUZLN8MO,"unemployment rate_[0.3, 6.433]"
291,0.3,A1BSA7FVVJGZ15,"unemployment rate_[0.3, 6.433]"
292,0.5,A2JCHN90PRUWDH,"unemployment rate_[0.3, 6.433]"
293,0.3,A3IUPHJSD8CP75,"unemployment rate_[0.3, 6.433]"
295,0.1,ANL13K5ZPFVJS,"unemployment rate_[0.3, 6.433]"
296,0.1,A15XX0WDRG29E7,"unemployment rate_[0.3, 6.433]"
297,0.6,A17J1CE7N49Z9D,"unemployment rate_[0.3, 6.433]"
298,0.5,A4NRNY8PZV1JW,"unemployment rate_[0.3, 6.433]"
299,0.7,A1GF29TP5AVQ49,"unemployment rate_[0.3, 6.433]"
300,0.6,A2531UD0IGT731,"unemployment rate_[0.3, 6.433]"
301,0.3,A2KXARDIOGJL8T,"unemployment rate_[0.3, 6.433]"
302,0.4,A26XN1TM6CV01T,"unemployment rate_[0.3, 6.433]"
306,0.3,AUVC78LEL0T6L,region_3_0
307,0.9,AW0225ONUAPO5,region_3_0
308,0.6,A1NITMHYG5YL3H,region_3_0
309,0.2,ANMXMEB55AGM6,region_3_0
310,0.3,AB774I47XHB4K,region_3_0
311,0.7,A3SOJWB6AZWZV9,region_3_0
312,0.3,A2S8ZTPKX3B928,region_3_0
314,0.9,A3HNEYFOIJWPH1,region_3_0
315,0.4,A3F23C3ABMM0W0,region_3_0
316,0.5,ACVXBOS4CZGVQ,region_3_0
321,0.7,A3O3RIY1ELZ6YR,region_3_0
323,0.6,A3CPBEVHGIPGW3,region_3_0
325,0.6,ANGB67ECCF73,region_3_0
326,0.3,AX0KHOWMMM6Z2,region_3_0
327,0.3,A3GLMBZSG3VU4P,region_3_0
328,0.9,A3HPTQGQWN36VX,region_3_0
330,0.1,A2PAP6WAU1OLNH,region_3_0
333,0.2,A17R9PYLUB516A,region_3_0
334,0.6,ATIUQQLY0LCNA,region_3_0
335,0.6,A1FY68OAZIB6OJ,region_3_0
336,0.5,A1Z2PN56VHHKNM,region_3_0
337,0.6,A2R794P3E8X0MK,region_3_0
341,0.1,A2FCCX7X5TVB9C,region_3_0
343,0.6,A2WJGI7XNUBRND,region_3_0
345,0.8,AIBFR88A00FP3,region_3_0
347,0.4,A2LSZPIH5XPAS,region_3_0
348,0.5,A8GWYS9O8FUEK,region_3_0
349,0.7,AU849EHZNGV2Z,region_3_0
350,0.4,A1GDQ2QVPW8DBR,region_3_0
351,0.6,A2OVMADBMBNWFK,region_3_0
352,0.1,AS5P5QIEGUD5X,region_3_0
353,0.1,A3MKZ4HSQKNNOO,region_3_0
354,0.1,A2W46GI83TICBR,region_3_0
355,0.7,A3HHDPKL3O3O7Y,region_3_0
356,0.6,A1EAEZ7VIHKQ2,region_3_0
358,0.5,AIC05ZT6F4AGF,region_3_0
359,0.8,A3EIVR2LS7CCWB,region_3_0
360,0.7,A292IMAU5EW3MN,region_3_0
364,0.3,AUVC78LEL0T6L,region_3_1
365,0.5,AW0225ONUAPO5,region_3_1
366,0.4,A1NITMHYG5YL3H,region_3_1
367,0.8,ANMXMEB55AGM6,region_3_1
368,0.6,AB774I47XHB4K,region_3_1
369,0.6,A3SOJWB6AZWZV9,region_3_1
370,0.6,A2S8ZTPKX3B928,region_3_1
372,0.9,A3HNEYFOIJWPH1,region_3_1
373,0.9,A3F23C3ABMM0W0,region_3_1
374,0.1,ACVXBOS4CZGVQ,region_3_1
379,0.3,A3O3RIY1ELZ6YR,region_3_1
381,0.4,A3CPBEVHGIPGW3,region_3_1
383,0.4,ANGB67ECCF73,region_3_1
384,0.6,AX0KHOWMMM6Z2,region_3_1
385,0.5,A3GLMBZSG3VU4P,region_3_1
386,0.3,A3HPTQGQWN36VX,region_3_1
388,0.3,A2PAP6WAU1OLNH,region_3_1
391,0.4,A17R9PYLUB516A,region_3_1
392,0.8,ATIUQQLY0LCNA,region_3_1
393,0.1,A1FY68OAZIB6OJ,region_3_1
394,0.1,A1Z2PN56VHHKNM,region_3_1
395,0.1,A2R794P3E8X0MK,region_3_1
399,0.3,A2FCCX7X5TVB9C,region_3_1
401,0.3,A2WJGI7XNUBRND,region_3_1
403,0.2,AIBFR88A00FP3,region_3_1
405,0.2,A2LSZPIH5XPAS,region_3_1
406,0.6,A8GWYS9O8FUEK,region_3_1
407,0.5,AU849EHZNGV2Z,region_3_1
408,0.2,A1GDQ2QVPW8DBR,region_3_1
409,0.4,A2OVMADBMBNWFK,region_3_1
410,0.1,AS5P5QIEGUD5X,region_3_1
411,0.9,A3MKZ4HSQKNNOO,region_3_1
412,0.1,A2W46GI83TICBR,region_3_1
413,0.5,A3HHDPKL3O3O7Y,region_3_1
414,0.4,A1EAEZ7VIHKQ2,region_3_1
416,0.3,AIC05ZT6F4AGF,region_3_1
417,0.3,A3EIVR2LS7CCWB,region_3_1
418,0.6,A292IMAU5EW3MN,region_3_1
422,0.5,AUVC78LEL0T6L,region_3
423,0.7,AW0225ONUAPO5,region_3
424,0.4,A1NITMHYG5YL3H,region_3
425,0.6,ANMXMEB55AGM6,region_3
426,0.4,AB774I47XHB4K,region_3
427,0.4,A3SOJWB6AZWZV9,region_3
428,0.5,A2S8ZTPKX3B928,region_3
430,0.2,A3HNEYFOIJWPH1,region_3
431,0.2,A3F23C3ABMM0W0,region_3
432,0.1,ACVXBOS4CZGVQ,region_3
437,0.2,A3O3RIY1ELZ6YR,region_3
439,0.8,A3CPBEVHGIPGW3,region_3
441,0.3,ANGB67ECCF73,region_3
442,0.2,AX0KHOWMMM6Z2,region_3
443,0.1,A3GLMBZSG3VU4P,region_3
444,0.5,A3HPTQGQWN36VX,region_3
446,0.1,A2PAP6WAU1OLNH,region_3
449,0.3,A17R9PYLUB516A,region_3
450,0.3,ATIUQQLY0LCNA,region_3
451,0.2,A1FY68OAZIB6OJ,region_3
452,0.1,A1Z2PN56VHHKNM,region_3
453,0.1,A2R794P3E8X0MK,region_3
457,0.6,A2FCCX7X5TVB9C,region_3
459,0.2,A2WJGI7XNUBRND,region_3
461,0.2,AIBFR88A00FP3,region_3
463,0.4,A2LSZPIH5XPAS,region_3
464,0.2,A8GWYS9O8FUEK,region_3
465,0.3,AU849EHZNGV2Z,region_3
466,0.2,A1GDQ2QVPW8DBR,region_3
467,0.3,A2OVMADBMBNWFK,region_3
468,0.3,AS5P5QIEGUD5X,region_3
469,0.4,A3MKZ4HSQKNNOO,region_3
470,0.3,A2W46GI83TICBR,region_3
471,0.3,A3HHDPKL3O3O7Y,region_3
472,0.3,A1EAEZ7VIHKQ2,region_3
474,0.7,AIC05ZT6F4AGF,region_3
475,0.2,A3EIVR2LS7CCWB,region_3
476,0.4,A292IMAU5EW3MN,region_3
477,0.1,A1ZIFC5AFQCDZT,"electricity consumption_[90210000, 7952000000]_0"
478,0.5,A364KJDYEBAWC9,"electricity consumption_[90210000, 7952000000]_0"
479,0.5,ANMXMEB55AGM6,"electricity consumption_[90210000, 7952000000]_0"
480,0.8,ATB9VOR75W6P3,"electricity consumption_[90210000, 7952000000]_0"
481,0.3,A1T16G11LQWFXC,"electricity consumption_[90210000, 7952000000]_0"
482,0.8,A1KH1O9AZ7S642,"electricity consumption_[90210000, 7952000000]_0"
483,0.8,A3CXGZFXBRW21C,"electricity consumption_[90210000, 7952000000]_0"
485,0.6,A2WCV7ULUPKVNQ,"electricity consumption_[90210000, 7952000000]_0"
486,0.9,AOAZMLP27GD81,"electricity consumption_[90210000, 7952000000]_0"
487,0.6,AIW85EF59VCQO,"electricity consumption_[90210000, 7952000000]_0"
488,0.8,A356795ET25HER,"electricity consumption_[90210000, 7952000000]_0"
496,0.8,A21UY4EAYOIRA0,"electricity consumption_[90210000, 7952000000]_0"
497,0.9,A2CF2BD4Q0ZDJN,"electricity consumption_[90210000, 7952000000]_0"
499,0.8,A3JT22BLG866CK,"electricity consumption_[90210000, 7952000000]_0"
500,0.3,A3NHJPE6326P9V,"electricity consumption_[90210000, 7952000000]_0"
501,0.8,A1KUAL8PN2X8PK,"electricity consumption_[90210000, 7952000000]_0"
502,0.6,A3BL2ZEODD79AZ,"electricity consumption_[90210000, 7952000000]_0"
503,0.6,A2TYLR23CHRULH,"electricity consumption_[90210000, 7952000000]_0"
504,0.9,A3F710EVFD9MM2,"electricity consumption_[90210000, 7952000000]_0"
505,0.7,A1SWTHM03SN731,"electricity consumption_[90210000, 7952000000]_0"
507,0.2,A3NSJ6GJC7TZSG,"electricity consumption_[90210000, 7952000000]_0"
508,0.6,A1FGKIKJYSL1MI,"electricity consumption_[90210000, 7952000000]_0"
509,0.6,A1HEUX7S8HBZWT,"electricity consumption_[90210000, 7952000000]_0"
511,0.7,A3HMDGRGC5JB7E,"electricity consumption_[90210000, 7952000000]_0"
512,0.6,AVHJ2SNIMGZ91,"electricity consumption_[90210000, 7952000000]_0"
513,0.8,A3EWCWQBNJF0QV,"electricity consumption_[90210000, 7952000000]_0"
514,0.8,AOPG07J95DDJT,"electricity consumption_[90210000, 7952000000]_0"
515,0.8,APV0WJWTK3IP3,"electricity consumption_[90210000, 7952000000]_0"
516,0.7,A491WHP3DPYZN,"electricity consumption_[90210000, 7952000000]_0"
518,0.7,AGQ12PTGHKMDU,"electricity consumption_[90210000, 7952000000]_0"
519,0.6,A1ZD9SJXQ9C6EW,"electricity consumption_[90210000, 7952000000]_0"
521,0.8,AKVDY8OXNMQED,"electricity consumption_[90210000, 7952000000]_0"
522,0.9,A2O2Q0LVWOWJ1G,"electricity consumption_[90210000, 7952000000]_0"
523,0.5,A34MRQ1OP87XC6,"electricity consumption_[90210000, 7952000000]_0"
524,0.1,A2CLSASUR08Z0O,"electricity consumption_[90210000, 7952000000]_0"
525,0.5,A31681CCEVDIH3,"electricity consumption_[90210000, 7952000000]_0"
526,0.1,A21FSF2MCK11IR,"electricity consumption_[90210000, 7952000000]_0"
527,0.5,A1ZIFC5AFQCDZT,"electricity consumption_[90210000, 7952000000]_1"
528,0.2,A364KJDYEBAWC9,"electricity consumption_[90210000, 7952000000]_1"
529,0.5,ANMXMEB55AGM6,"electricity consumption_[90210000, 7952000000]_1"
530,0.3,ATB9VOR75W6P3,"electricity consumption_[90210000, 7952000000]_1"
531,0.6,A1T16G11LQWFXC,"electricity consumption_[90210000, 7952000000]_1"
532,0.2,A1KH1O9AZ7S642,"electricity consumption_[90210000, 7952000000]_1"
533,0.4,A3CXGZFXBRW21C,"electricity consumption_[90210000, 7952000000]_1"
535,0.2,A2WCV7ULUPKVNQ,"electricity consumption_[90210000, 7952000000]_1"
536,0.2,AOAZMLP27GD81,"electricity consumption_[90210000, 7952000000]_1"
537,0.2,AIW85EF59VCQO,"electricity consumption_[90210000, 7952000000]_1"
538,0.3,A356795ET25HER,"electricity consumption_[90210000, 7952000000]_1"
546,0.5,A21UY4EAYOIRA0,"electricity consumption_[90210000, 7952000000]_1"
547,0.2,A2CF2BD4Q0ZDJN,"electricity consumption_[90210000, 7952000000]_1"
549,0.2,A3JT22BLG866CK,"electricity consumption_[90210000, 7952000000]_1"
550,0.4,A3NHJPE6326P9V,"electricity consumption_[90210000, 7952000000]_1"
551,0.1,A1KUAL8PN2X8PK,"electricity consumption_[90210000, 7952000000]_1"
552,0.2,A3BL2ZEODD79AZ,"electricity consumption_[90210000, 7952000000]_1"
553,0.2,A2TYLR23CHRULH,"electricity consumption_[90210000, 7952000000]_1"
554,0.6,A3F710EVFD9MM2,"electricity consumption_[90210000, 7952000000]_1"
555,0.2,A1SWTHM03SN731,"electricity consumption_[90210000, 7952000000]_1"
557,0.1,A3NSJ6GJC7TZSG,"electricity consumption_[90210000, 7952000000]_1"
558,0.2,A1FGKIKJYSL1MI,"electricity consumption_[90210000, 7952000000]_1"
559,0.3,A1HEUX7S8HBZWT,"electricity consumption_[90210000, 7952000000]_1"
561,0.3,A3HMDGRGC5JB7E,"electricity consumption_[90210000, 7952000000]_1"
562,0.2,AVHJ2SNIMGZ91,"electricity consumption_[90210000, 7952000000]_1"
563,0.3,A3EWCWQBNJF0QV,"electricity consumption_[90210000, 7952000000]_1"
564,0.2,AOPG07J95DDJT,"electricity consumption_[90210000, 7952000000]_1"
565,0.2,APV0WJWTK3IP3,"electricity consumption_[90210000, 7952000000]_1"
566,0.5,A491WHP3DPYZN,"electricity consumption_[90210000, 7952000000]_1"
568,0.3,AGQ12PTGHKMDU,"electricity consumption_[90210000, 7952000000]_1"
569,0.3,A1ZD9SJXQ9C6EW,"electricity consumption_[90210000, 7952000000]_1"
571,0.2,AKVDY8OXNMQED,"electricity consumption_[90210000, 7952000000]_1"
572,0.2,A2O2Q0LVWOWJ1G,"electricity consumption_[90210000, 7952000000]_1"
573,0.5,A34MRQ1OP87XC6,"electricity consumption_[90210000, 7952000000]_1"
574,0.5,A2CLSASUR08Z0O,"electricity consumption_[90210000, 7952000000]_1"
575,0.4,A31681CCEVDIH3,"electricity consumption_[90210000, 7952000000]_1"
576,0.2,A21FSF2MCK11IR,"electricity consumption_[90210000, 7952000000]_1"
577,0.3,A1ZIFC5AFQCDZT,"electricity consumption_[90210000, 7952000000]"
578,0.6,A364KJDYEBAWC9,"electricity consumption_[90210000, 7952000000]"
579,0.1,ANMXMEB55AGM6,"electricity consumption_[90210000, 7952000000]"
580,0.2,ATB9VOR75W6P3,"electricity consumption_[90210000, 7952000000]"
581,0.4,A1T16G11LQWFXC,"electricity consumption_[90210000, 7952000000]"
582,0.4,A1KH1O9AZ7S642,"electricity consumption_[90210000, 7952000000]"
583,0.4,A3CXGZFXBRW21C,"electricity consumption_[90210000, 7952000000]"
585,0.6,A2WCV7ULUPKVNQ,"electricity consumption_[90210000, 7952000000]"
586,0.4,AOAZMLP27GD81,"electricity consumption_[90210000, 7952000000]"
587,0.5,AIW85EF59VCQO,"electricity consumption_[90210000, 7952000000]"
588,0.4,A356795ET25HER,"electricity consumption_[90210000, 7952000000]"
596,0.1,A21UY4EAYOIRA0,"electricity consumption_[90210000, 7952000000]"
597,0.3,A2CF2BD4Q0ZDJN,"electricity consumption_[90210000, 7952000000]"
599,0.8,A3JT22BLG866CK,"electricity consumption_[90210000, 7952000000]"
600,0.3,A3NHJPE6326P9V,"electricity consumption_[90210000, 7952000000]"
601,0.9,A1KUAL8PN2X8PK,"electricity consumption_[90210000, 7952000000]"
602,0.2,A3BL2ZEODD79AZ,"electricity consumption_[90210000, 7952000000]"
603,0.6,A2TYLR23CHRULH,"electricity consumption_[90210000, 7952000000]"
604,0.4,A3F710EVFD9MM2,"electricity consumption_[90210000, 7952000000]"
605,0.3,A1SWTHM03SN731,"electricity consumption_[90210000, 7952000000]"
607,0.2,A3NSJ6GJC7TZSG,"electricity consumption_[90210000, 7952000000]"
608,0.2,A1FGKIKJYSL1MI,"electricity consumption_[90210000, 7952000000]"
609,0.4,A1HEUX7S8HBZWT,"electricity consumption_[90210000, 7952000000]"
611,0.4,A3HMDGRGC5JB7E,"electricity consumption_[90210000, 7952000000]"
612,0.4,AVHJ2SNIMGZ91,"electricity consumption_[90210000, 7952000000]"
613,0.3,A3EWCWQBNJF0QV,"electricity consumption_[90210000, 7952000000]"
614,0.4,AOPG07J95DDJT,"electricity consumption_[90210000, 7952000000]"
615,0.4,APV0WJWTK3IP3,"electricity consumption_[90210000, 7952000000]"
616,0.3,A491WHP3DPYZN,"electricity consumption_[90210000, 7952000000]"
618,0.2,AGQ12PTGHKMDU,"electricity consumption_[90210000, 7952000000]"
619,0.4,A1ZD9SJXQ9C6EW,"electricity consumption_[90210000, 7952000000]"
621,0.4,AKVDY8OXNMQED,"electricity consumption_[90210000, 7952000000]"
622,0.4,A2O2Q0LVWOWJ1G,"electricity consumption_[90210000, 7952000000]"
623,0.2,A34MRQ1OP87XC6,"electricity consumption_[90210000, 7952000000]"
624,0.3,A2CLSASUR08Z0O,"electricity consumption_[90210000, 7952000000]"
625,0.2,A31681CCEVDIH3,"electricity consumption_[90210000, 7952000000]"
626,0.6,A21FSF2MCK11IR,"electricity consumption_[90210000, 7952000000]"
627,0.5,AJ3F5RR0P8LZR,"inflation rate_(1.9, 4.2]_0"
628,0.8,A3VURMEKHPIATF,"inflation rate_(1.9, 4.2]_0"
629,0.6,ANMXMEB55AGM6,"inflation rate_(1.9, 4.2]_0"
630,0.3,A2ABSQBRUAUS4C,"inflation rate_(1.9, 4.2]_0"
631,0.8,AVHZJ2HQJG3NB,"inflation rate_(1.9, 4.2]_0"
632,0.6,A17ELSQUMU0QT6,"inflation rate_(1.9, 4.2]_0"
633,0.5,A1KH1O9AZ7S642,"inflation rate_(1.9, 4.2]_0"
635,0.1,A17EWYBEPWNY4M,"inflation rate_(1.9, 4.2]_0"
639,0.2,A3GTIIFSMHAKRZ,"inflation rate_(1.9, 4.2]_0"
646,0.5,A1ZIFC5AFQCDZT,"inflation rate_(1.9, 4.2]_0"
647,0.3,A1R0689JPSQ3OF,"inflation rate_(1.9, 4.2]_0"
648,0.6,AY7WPVKHVNBLG,"inflation rate_(1.9, 4.2]_0"
649,0.8,A3JT22BLG866CK,"inflation rate_(1.9, 4.2]_0"
651,0.1,A8BMQ1EVH7RGG,"inflation rate_(1.9, 4.2]_0"
653,0.2,AS5P5QIEGUD5X,"inflation rate_(1.9, 4.2]_0"
654,0.5,ALVNMQMD3Q3ZE,"inflation rate_(1.9, 4.2]_0"
655,0.6,ABMPX2Y2IRBMG,"inflation rate_(1.9, 4.2]_0"
656,0.5,A1BAEFJ2OG7NJ0,"inflation rate_(1.9, 4.2]_0"
657,0.5,A259UZJQOOVE4V,"inflation rate_(1.9, 4.2]_0"
658,0.1,A1LX01YCTICO4V,"inflation rate_(1.9, 4.2]_0"
659,0.5,AOTF48KUV9KWM,"inflation rate_(1.9, 4.2]_0"
660,0.4,A1743ZO14I4NFO,"inflation rate_(1.9, 4.2]_0"
662,0.5,A3Q1EZDNIUK41P,"inflation rate_(1.9, 4.2]_0"
663,0.7,A3PQUGIQQBPR98,"inflation rate_(1.9, 4.2]_0"
666,0.1,A3B9OZQTE4US3T,"inflation rate_(1.9, 4.2]_0"
667,0.9,A3HNEYFOIJWPH1,"inflation rate_(1.9, 4.2]_0"
668,0.4,AURYD2FH3FUOQ,"inflation rate_(1.9, 4.2]_0"
669,0.9,A3RYI5HXC2MJLN,"inflation rate_(1.9, 4.2]_0"
670,0.7,A2VU8AC7MY3721,"inflation rate_(1.9, 4.2]_0"
671,0.5,A14I3K8UN3612X,"inflation rate_(1.9, 4.2]_0"
673,0.3,A1MTRZDRKNB9GV,"inflation rate_(1.9, 4.2]_0"
674,0.6,A1F2YZD2VD1CTM,"inflation rate_(1.9, 4.2]_0"
675,0.1,A1J9IYN46FX00O,"inflation rate_(1.9, 4.2]_0"
677,0.2,A37QW51L039KKQ,"inflation rate_(1.9, 4.2]_0"
678,0.4,AX0KHOWMMM6Z2,"inflation rate_(1.9, 4.2]_0"
679,0.2,A21UY4EAYOIRA0,"inflation rate_(1.9, 4.2]_0"
680,0.5,A21HDHQPENLF2X,"inflation rate_(1.9, 4.2]_0"
681,0.5,AJ3F5RR0P8LZR,"inflation rate_(1.9, 4.2]_1"
682,0.5,A3VURMEKHPIATF,"inflation rate_(1.9, 4.2]_1"
683,0.4,ANMXMEB55AGM6,"inflation rate_(1.9, 4.2]_1"
684,0.5,A2ABSQBRUAUS4C,"inflation rate_(1.9, 4.2]_1"
685,0.6,AVHZJ2HQJG3NB,"inflation rate_(1.9, 4.2]_1"
686,0.9,A17ELSQUMU0QT6,"inflation rate_(1.9, 4.2]_1"
687,0.7,A1KH1O9AZ7S642,"inflation rate_(1.9, 4.2]_1"
689,0.1,A17EWYBEPWNY4M,"inflation rate_(1.9, 4.2]_1"
693,0.5,A3GTIIFSMHAKRZ,"inflation rate_(1.9, 4.2]_1"
700,0.5,A1ZIFC5AFQCDZT,"inflation rate_(1.9, 4.2]_1"
701,0.6,A1R0689JPSQ3OF,"inflation rate_(1.9, 4.2]_1"
702,0.4,AY7WPVKHVNBLG,"inflation rate_(1.9, 4.2]_1"
703,0.5,A3JT22BLG866CK,"inflation rate_(1.9, 4.2]_1"
705,0.3,A8BMQ1EVH7RGG,"inflation rate_(1.9, 4.2]_1"
707,0.4,AS5P5QIEGUD5X,"inflation rate_(1.9, 4.2]_1"
708,0.6,ALVNMQMD3Q3ZE,"inflation rate_(1.9, 4.2]_1"
709,0.6,ABMPX2Y2IRBMG,"inflation rate_(1.9, 4.2]_1"
710,0.6,A1BAEFJ2OG7NJ0,"inflation rate_(1.9, 4.2]_1"
711,0.6,A259UZJQOOVE4V,"inflation rate_(1.9, 4.2]_1"
712,0.7,A1LX01YCTICO4V,"inflation rate_(1.9, 4.2]_1"
713,0.5,AOTF48KUV9KWM,"inflation rate_(1.9, 4.2]_1"
714,0.7,A1743ZO14I4NFO,"inflation rate_(1.9, 4.2]_1"
716,0.5,A3Q1EZDNIUK41P,"inflation rate_(1.9, 4.2]_1"
717,0.7,A3PQUGIQQBPR98,"inflation rate_(1.9, 4.2]_1"
720,0.1,A3B9OZQTE4US3T,"inflation rate_(1.9, 4.2]_1"
721,0.8,A3HNEYFOIJWPH1,"inflation rate_(1.9, 4.2]_1"
722,0.2,AURYD2FH3FUOQ,"inflation rate_(1.9, 4.2]_1"
723,0.1,A3RYI5HXC2MJLN,"inflation rate_(1.9, 4.2]_1"
724,0.5,A2VU8AC7MY3721,"inflation rate_(1.9, 4.2]_1"
725,0.7,A14I3K8UN3612X,"inflation rate_(1.9, 4.2]_1"
727,0.5,A1MTRZDRKNB9GV,"inflation rate_(1.9, 4.2]_1"
728,0.2,A1F2YZD2VD1CTM,"inflation rate_(1.9, 4.2]_1"
729,0.6,A1J9IYN46FX00O,"inflation rate_(1.9, 4.2]_1"
731,0.5,A37QW51L039KKQ,"inflation rate_(1.9, 4.2]_1"
732,0.8,AX0KHOWMMM6Z2,"inflation rate_(1.9, 4.2]_1"
733,0.5,A21UY4EAYOIRA0,"inflation rate_(1.9, 4.2]_1"
734,0.7,A21HDHQPENLF2X,"inflation rate_(1.9, 4.2]_1"
735,0.5,AJ3F5RR0P8LZR,"inflation rate_(1.9, 4.2]"
736,0.9,A3VURMEKHPIATF,"inflation rate_(1.9, 4.2]"
737,0.3,ANMXMEB55AGM6,"inflation rate_(1.9, 4.2]"
738,0.6,A2ABSQBRUAUS4C,"inflation rate_(1.9, 4.2]"
739,0.2,AVHZJ2HQJG3NB,"inflation rate_(1.9, 4.2]"
740,0.1,A17ELSQUMU0QT6,"inflation rate_(1.9, 4.2]"
741,0.9,A1KH1O9AZ7S642,"inflation rate_(1.9, 4.2]"
743,0.1,A17EWYBEPWNY4M,"inflation rate_(1.9, 4.2]"
747,0.4,A3GTIIFSMHAKRZ,"inflation rate_(1.9, 4.2]"
754,0.6,A1ZIFC5AFQCDZT,"inflation rate_(1.9, 4.2]"
755,0.6,A1R0689JPSQ3OF,"inflation rate_(1.9, 4.2]"
756,0.4,AY7WPVKHVNBLG,"inflation rate_(1.9, 4.2]"
757,0.1,A3JT22BLG866CK,"inflation rate_(1.9, 4.2]"
759,0.6,A8BMQ1EVH7RGG,"inflation rate_(1.9, 4.2]"
761,0.4,AS5P5QIEGUD5X,"inflation rate_(1.9, 4.2]"
762,0.3,ALVNMQMD3Q3ZE,"inflation rate_(1.9, 4.2]"
763,0.7,ABMPX2Y2IRBMG,"inflation rate_(1.9, 4.2]"
764,0.5,A1BAEFJ2OG7NJ0,"inflation rate_(1.9, 4.2]"
765,0.4,A259UZJQOOVE4V,"inflation rate_(1.9, 4.2]"
766,0.3,A1LX01YCTICO4V,"inflation rate_(1.9, 4.2]"
767,0.3,AOTF48KUV9KWM,"inflation rate_(1.9, 4.2]"
768,0.6,A1743ZO14I4NFO,"inflation rate_(1.9, 4.2]"
770,0.3,A3Q1EZDNIUK41P,"inflation rate_(1.9, 4.2]"
771,0.5,A3PQUGIQQBPR98,"inflation rate_(1.9, 4.2]"
774,0.1,A3B9OZQTE4US3T,"inflation rate_(1.9, 4.2]"
775,0.5,A3HNEYFOIJWPH1,"inflation rate_(1.9, 4.2]"
776,0.2,AURYD2FH3FUOQ,"inflation rate_(1.9, 4.2]"
777,0.8,A3RYI5HXC2MJLN,"inflation rate_(1.9, 4.2]"
778,0.5,A2VU8AC7MY3721,"inflation rate_(1.9, 4.2]"
779,0.3,A14I3K8UN3612X,"inflation rate_(1.9, 4.2]"
781,0.7,A1MTRZDRKNB9GV,"inflation rate_(1.9, 4.2]"
782,0.2,A1F2YZD2VD1CTM,"inflation rate_(1.9, 4.2]"
783,0.6,A1J9IYN46FX00O,"inflation rate_(1.9, 4.2]"
785,0.1,A37QW51L039KKQ,"inflation rate_(1.9, 4.2]"
786,0.2,AX0KHOWMMM6Z2,"inflation rate_(1.9, 4.2]"
787,0.8,A21UY4EAYOIRA0,"inflation rate_(1.9, 4.2]"
788,0.4,A21HDHQPENLF2X,"inflation rate_(1.9, 4.2]"
792,0.6,A1FBO95OVBYOH1,"exports_(77193333333.333, 1580000000000]_0"
794,0.3,ASNTJ81DXL7E8,"exports_(77193333333.333, 1580000000000]_0"
795,0.2,A1GF29TP5AVQ49,"exports_(77193333333.333, 1580000000000]_0"
796,0.2,ADAGUJNWMEPT6,"exports_(77193333333.333, 1580000000000]_0"
804,0.2,A145AXBDTCIW6Z,"exports_(77193333333.333, 1580000000000]_0"
808,0.5,A35BY30TC8WCL4,"exports_(77193333333.333, 1580000000000]_0"
811,0.3,A369K7I5SXBPNC,"exports_(77193333333.333, 1580000000000]_0"
812,0.1,A2SPHNTPIDGC55,"exports_(77193333333.333, 1580000000000]_0"
814,0.8,A37EV8RZ82WT8E,"exports_(77193333333.333, 1580000000000]_0"
817,0.3,A248ARSA6FS20S,"exports_(77193333333.333, 1580000000000]_0"
818,0.1,A1YGENVE7OI5JL,"exports_(77193333333.333, 1580000000000]_0"
819,0.3,A2A46VB7JDA2EM,"exports_(77193333333.333, 1580000000000]_0"
820,0.2,A1AQK667NBERJ1,"exports_(77193333333.333, 1580000000000]_0"
821,0.5,A2CF2BD4Q0ZDJN,"exports_(77193333333.333, 1580000000000]_0"
823,0.6,A27SMEOPKV84VI,"exports_(77193333333.333, 1580000000000]_0"
824,0.5,A26HYP1WO5YM2F,"exports_(77193333333.333, 1580000000000]_0"
825,0.3,APY3V4YLSXQ8Z,"exports_(77193333333.333, 1580000000000]_0"
826,0.2,A7OWP0PQ1EI0A,"exports_(77193333333.333, 1580000000000]_0"
827,0.4,A2PXJTMWGUE5DC,"exports_(77193333333.333, 1580000000000]_0"
828,0.3,A3U21PUMQ6NGT2,"exports_(77193333333.333, 1580000000000]_0"
830,0.1,A36MTY8RSWBZU7,"exports_(77193333333.333, 1580000000000]_0"
832,0.2,AVLUX03TCOCEZ,"exports_(77193333333.333, 1580000000000]_0"
833,0.2,A11R8G0FYA2UVQ,"exports_(77193333333.333, 1580000000000]_0"
834,0.5,A1ZIFC5AFQCDZT,"exports_(77193333333.333, 1580000000000]_0"
835,0.4,ATB9VOR75W6P3,"exports_(77193333333.333, 1580000000000]_0"
836,0.3,A1Q6IR9E7MW3BM,"exports_(77193333333.333, 1580000000000]_0"
837,0.2,A1MTRZDRKNB9GV,"exports_(77193333333.333, 1580000000000]_0"
838,0.1,ADEMAGRRRGSPT,"exports_(77193333333.333, 1580000000000]_0"
839,0.6,A2UO3QJZNC2VOE,"exports_(77193333333.333, 1580000000000]_0"
840,0.2,A3QDZ935V5U31J,"exports_(77193333333.333, 1580000000000]_0"
842,0.3,A17GH7I35D6K03,"exports_(77193333333.333, 1580000000000]_0"
843,0.1,A3HNEYFOIJWPH1,"exports_(77193333333.333, 1580000000000]_0"
844,0.2,A1BAEFJ2OG7NJ0,"exports_(77193333333.333, 1580000000000]_0"
845,0.4,A1KFIQBETMB81I,"exports_(77193333333.333, 1580000000000]_0"
848,0.2,A1R0689JPSQ3OF,"exports_(77193333333.333, 1580000000000]_0"
849,0.7,A2O7H7VXLFN6BP,"exports_(77193333333.333, 1580000000000]_0"
850,0.2,A1F2YZD2VD1CTM,"exports_(77193333333.333, 1580000000000]_0"
851,0.6,A3E3OELJKHW58C,"exports_(77193333333.333, 1580000000000]_0"
854,0.3,A1E9YXB24AC78F,"exports_(77193333333.333, 1580000000000]_0"
856,0.4,A259UZJQOOVE4V,"exports_(77193333333.333, 1580000000000]_0"
857,0.3,A7K1E50V2CCU2,"exports_(77193333333.333, 1580000000000]_0"
858,0.1,A364KJDYEBAWC9,"exports_(77193333333.333, 1580000000000]_0"
860,0.3,ATIUQQLY0LCNA,"exports_(77193333333.333, 1580000000000]_0"
862,0.7,A3UVW94KB9UBAJ,"exports_(77193333333.333, 1580000000000]_0"
864,0.3,A2JCK494NV7TFX,"exports_(77193333333.333, 1580000000000]_0"
865,0.3,A25YG9M911WA3T,"exports_(77193333333.333, 1580000000000]_0"
867,0.2,A311S2J8UUQ7QR,"exports_(77193333333.333, 1580000000000]_0"
868,0.5,A3UV55HC87DO9C,"exports_(77193333333.333, 1580000000000]_0"
871,0.4,A1EQ2HDHF2WWSY,"exports_(77193333333.333, 1580000000000]_0"
872,0.5,A110KENBXU7SUJ,"exports_(77193333333.333, 1580000000000]_0"
874,0.3,A28FMRMS9TMEOZ,"exports_(77193333333.333, 1580000000000]_0"
875,0.4,AAU61MG2R6RH0,"exports_(77193333333.333, 1580000000000]_0"
876,0.1,ADWDNBND4BW94,"exports_(77193333333.333, 1580000000000]_0"
877,0.3,A1SL65Z68BK1UT,"exports_(77193333333.333, 1580000000000]_0"
878,0.3,A2M4YIC3XU2693,"exports_(77193333333.333, 1580000000000]_0"
880,0.5,A212WMJOUG2P4R,"exports_(77193333333.333, 1580000000000]_0"
881,0.6,A2JCHN90PRUWDH,"exports_(77193333333.333, 1580000000000]_0"
885,0.9,A1FBO95OVBYOH1,"exports_(77193333333.333, 1580000000000]_1"
887,0.6,ASNTJ81DXL7E8,"exports_(77193333333.333, 1580000000000]_1"
888,0.7,A1GF29TP5AVQ49,"exports_(77193333333.333, 1580000000000]_1"
889,0.9,ADAGUJNWMEPT6,"exports_(77193333333.333, 1580000000000]_1"
897,0.8,A145AXBDTCIW6Z,"exports_(77193333333.333, 1580000000000]_1"
901,0.8,A35BY30TC8WCL4,"exports_(77193333333.333, 1580000000000]_1"
904,0.6,A369K7I5SXBPNC,"exports_(77193333333.333, 1580000000000]_1"
905,0.1,A2SPHNTPIDGC55,"exports_(77193333333.333, 1580000000000]_1"
907,0.3,A37EV8RZ82WT8E,"exports_(77193333333.333, 1580000000000]_1"
910,0.7,A248ARSA6FS20S,"exports_(77193333333.333, 1580000000000]_1"
911,0.1,A1YGENVE7OI5JL,"exports_(77193333333.333, 1580000000000]_1"
912,0.3,A2A46VB7JDA2EM,"exports_(77193333333.333, 1580000000000]_1"
913,0.8,A1AQK667NBERJ1,"exports_(77193333333.333, 1580000000000]_1"
914,0.9,A2CF2BD4Q0ZDJN,"exports_(77193333333.333, 1580000000000]_1"
916,0.8,A27SMEOPKV84VI,"exports_(77193333333.333, 1580000000000]_1"
917,0.6,A26HYP1WO5YM2F,"exports_(77193333333.333, 1580000000000]_1"
918,0.6,APY3V4YLSXQ8Z,"exports_(77193333333.333, 1580000000000]_1"
919,0.1,A7OWP0PQ1EI0A,"exports_(77193333333.333, 1580000000000]_1"
920,0.9,A2PXJTMWGUE5DC,"exports_(77193333333.333, 1580000000000]_1"
921,0.4,A3U21PUMQ6NGT2,"exports_(77193333333.333, 1580000000000]_1"
923,0.6,A36MTY8RSWBZU7,"exports_(77193333333.333, 1580000000000]_1"
925,0.8,AVLUX03TCOCEZ,"exports_(77193333333.333, 1580000000000]_1"
926,0.3,A11R8G0FYA2UVQ,"exports_(77193333333.333, 1580000000000]_1"
927,0.1,A1ZIFC5AFQCDZT,"exports_(77193333333.333, 1580000000000]_1"
928,0.9,ATB9VOR75W6P3,"exports_(77193333333.333, 1580000000000]_1"
929,0.1,A1Q6IR9E7MW3BM,"exports_(77193333333.333, 1580000000000]_1"
930,0.5,A1MTRZDRKNB9GV,"exports_(77193333333.333, 1580000000000]_1"
931,0.1,ADEMAGRRRGSPT,"exports_(77193333333.333, 1580000000000]_1"
932,0.8,A2UO3QJZNC2VOE,"exports_(77193333333.333, 1580000000000]_1"
933,0.7,A3QDZ935V5U31J,"exports_(77193333333.333, 1580000000000]_1"
935,0.6,A17GH7I35D6K03,"exports_(77193333333.333, 1580000000000]_1"
936,0.9,A3HNEYFOIJWPH1,"exports_(77193333333.333, 1580000000000]_1"
937,0.8,A1BAEFJ2OG7NJ0,"exports_(77193333333.333, 1580000000000]_1"
938,0.6,A1KFIQBETMB81I,"exports_(77193333333.333, 1580000000000]_1"
941,0.9,A1R0689JPSQ3OF,"exports_(77193333333.333, 1580000000000]_1"
942,0.6,A2O7H7VXLFN6BP,"exports_(77193333333.333, 1580000000000]_1"
943,0.3,A1F2YZD2VD1CTM,"exports_(77193333333.333, 1580000000000]_1"
944,0.9,A3E3OELJKHW58C,"exports_(77193333333.333, 1580000000000]_1"
947,0.8,A1E9YXB24AC78F,"exports_(77193333333.333, 1580000000000]_1"
949,0.7,A259UZJQOOVE4V,"exports_(77193333333.333, 1580000000000]_1"
950,0.1,A7K1E50V2CCU2,"exports_(77193333333.333, 1580000000000]_1"
951,0.9,A364KJDYEBAWC9,"exports_(77193333333.333, 1580000000000]_1"
953,0.7,ATIUQQLY0LCNA,"exports_(77193333333.333, 1580000000000]_1"
955,0.9,A3UVW94KB9UBAJ,"exports_(77193333333.333, 1580000000000]_1"
957,0.8,A2JCK494NV7TFX,"exports_(77193333333.333, 1580000000000]_1"
958,0.5,A25YG9M911WA3T,"exports_(77193333333.333, 1580000000000]_1"
960,0.6,A311S2J8UUQ7QR,"exports_(77193333333.333, 1580000000000]_1"
961,0.6,A3UV55HC87DO9C,"exports_(77193333333.333, 1580000000000]_1"
964,0.9,A1EQ2HDHF2WWSY,"exports_(77193333333.333, 1580000000000]_1"
965,0.4,A110KENBXU7SUJ,"exports_(77193333333.333, 1580000000000]_1"
967,0.7,A28FMRMS9TMEOZ,"exports_(77193333333.333, 1580000000000]_1"
968,0.8,AAU61MG2R6RH0,"exports_(77193333333.333, 1580000000000]_1"
969,0.1,ADWDNBND4BW94,"exports_(77193333333.333, 1580000000000]_1"
970,0.8,A1SL65Z68BK1UT,"exports_(77193333333.333, 1580000000000]_1"
971,0.7,A2M4YIC3XU2693,"exports_(77193333333.333, 1580000000000]_1"
973,0.8,A212WMJOUG2P4R,"exports_(77193333333.333, 1580000000000]_1"
974,0.6,A2JCHN90PRUWDH,"exports_(77193333333.333, 1580000000000]_1"
978,0.2,A1FBO95OVBYOH1,"exports_(77193333333.333, 1580000000000]"
980,0.5,ASNTJ81DXL7E8,"exports_(77193333333.333, 1580000000000]"
981,0.2,A1GF29TP5AVQ49,"exports_(77193333333.333, 1580000000000]"
982,0.3,ADAGUJNWMEPT6,"exports_(77193333333.333, 1580000000000]"
990,0.1,A145AXBDTCIW6Z,"exports_(77193333333.333, 1580000000000]"
994,0.3,A35BY30TC8WCL4,"exports_(77193333333.333, 1580000000000]"
997,0.1,A369K7I5SXBPNC,"exports_(77193333333.333, 1580000000000]"
998,0.1,A2SPHNTPIDGC55,"exports_(77193333333.333, 1580000000000]"
1000,0.1,A37EV8RZ82WT8E,"exports_(77193333333.333, 1580000000000]"
1003,0.2,A248ARSA6FS20S,"exports_(77193333333.333, 1580000000000]"
1004,0.1,A1YGENVE7OI5JL,"exports_(77193333333.333, 1580000000000]"
1005,0.4,A2A46VB7JDA2EM,"exports_(77193333333.333, 1580000000000]"
1006,0.5,A1AQK667NBERJ1,"exports_(77193333333.333, 1580000000000]"
1007,0.7,A2CF2BD4Q0ZDJN,"exports_(77193333333.333, 1580000000000]"
1009,0.4,A27SMEOPKV84VI,"exports_(77193333333.333, 1580000000000]"
1010,0.3,A26HYP1WO5YM2F,"exports_(77193333333.333, 1580000000000]"
1011,0.1,APY3V4YLSXQ8Z,"exports_(77193333333.333, 1580000000000]"
1012,0.3,A7OWP0PQ1EI0A,"exports_(77193333333.333, 1580000000000]"
1013,0.5,A2PXJTMWGUE5DC,"exports_(77193333333.333, 1580000000000]"
1014,0.5,A3U21PUMQ6NGT2,"exports_(77193333333.333, 1580000000000]"
1016,0.4,A36MTY8RSWBZU7,"exports_(77193333333.333, 1580000000000]"
1018,0.3,AVLUX03TCOCEZ,"exports_(77193333333.333, 1580000000000]"
1019,0.1,A11R8G0FYA2UVQ,"exports_(77193333333.333, 1580000000000]"
1020,0.2,A1ZIFC5AFQCDZT,"exports_(77193333333.333, 1580000000000]"
1021,0.2,ATB9VOR75W6P3,"exports_(77193333333.333, 1580000000000]"
1022,0.2,A1Q6IR9E7MW3BM,"exports_(77193333333.333, 1580000000000]"
1023,0.6,A1MTRZDRKNB9GV,"exports_(77193333333.333, 1580000000000]"
1024,0.4,ADEMAGRRRGSPT,"exports_(77193333333.333, 1580000000000]"
1025,0.2,A2UO3QJZNC2VOE,"exports_(77193333333.333, 1580000000000]"
1026,0.4,A3QDZ935V5U31J,"exports_(77193333333.333, 1580000000000]"
1028,0.1,A17GH7I35D6K03,"exports_(77193333333.333, 1580000000000]"
1029,0.7,A3HNEYFOIJWPH1,"exports_(77193333333.333, 1580000000000]"
1030,0.1,A1BAEFJ2OG7NJ0,"exports_(77193333333.333, 1580000000000]"
1031,0.2,A1KFIQBETMB81I,"exports_(77193333333.333, 1580000000000]"
1034,0.3,A1R0689JPSQ3OF,"exports_(77193333333.333, 1580000000000]"
1035,0.5,A2O7H7VXLFN6BP,"exports_(77193333333.333, 1580000000000]"
1036,0.3,A1F2YZD2VD1CTM,"exports_(77193333333.333, 1580000000000]"
1037,0.2,A3E3OELJKHW58C,"exports_(77193333333.333, 1580000000000]"
1040,0.4,A1E9YXB24AC78F,"exports_(77193333333.333, 1580000000000]"
1042,0.2,A259UZJQOOVE4V,"exports_(77193333333.333, 1580000000000]"
1043,0.7,A7K1E50V2CCU2,"exports_(77193333333.333, 1580000000000]"
1044,0.1,A364KJDYEBAWC9,"exports_(77193333333.333, 1580000000000]"
1046,0.4,ATIUQQLY0LCNA,"exports_(77193333333.333, 1580000000000]"
1048,0.8,A3UVW94KB9UBAJ,"exports_(77193333333.333, 1580000000000]"
1050,0.5,A2JCK494NV7TFX,"exports_(77193333333.333, 1580000000000]"
1051,0.4,A25YG9M911WA3T,"exports_(77193333333.333, 1580000000000]"
1053,0.4,A311S2J8UUQ7QR,"exports_(77193333333.333, 1580000000000]"
1054,0.6,A3UV55HC87DO9C,"exports_(77193333333.333, 1580000000000]"
1057,0.2,A1EQ2HDHF2WWSY,"exports_(77193333333.333, 1580000000000]"
1058,0.6,A110KENBXU7SUJ,"exports_(77193333333.333, 1580000000000]"
1060,0.5,A28FMRMS9TMEOZ,"exports_(77193333333.333, 1580000000000]"
1061,0.3,AAU61MG2R6RH0,"exports_(77193333333.333, 1580000000000]"
1062,0.4,ADWDNBND4BW94,"exports_(77193333333.333, 1580000000000]"
1063,0.5,A1SL65Z68BK1UT,"exports_(77193333333.333, 1580000000000]"
1064,0.6,A2M4YIC3XU2693,"exports_(77193333333.333, 1580000000000]"
1066,0.6,A212WMJOUG2P4R,"exports_(77193333333.333, 1580000000000]"
1067,0.4,A2JCHN90PRUWDH,"exports_(77193333333.333, 1580000000000]"
1068,0.4,A1KJI092IOCO8Q,"public debt_(61.733, 226.1]_0"
1069,0.4,A1AQK667NBERJ1,"public debt_(61.733, 226.1]_0"
1070,0.3,ANMXMEB55AGM6,"public debt_(61.733, 226.1]_0"
1071,0.7,AL36KBFL3ORCD,"public debt_(61.733, 226.1]_0"
1072,0.3,A1JSUTQQBKXS86,"public debt_(61.733, 226.1]_0"
1073,0.5,AOTF48KUV9KWM,"public debt_(61.733, 226.1]_0"
1074,0.5,A1KH1O9AZ7S642,"public debt_(61.733, 226.1]_0"
1075,0.1,A3DT085TCZLLMH,"public debt_(61.733, 226.1]_0"
1077,0.7,A10MH2GE01BXXE,"public debt_(61.733, 226.1]_0"
1078,0.3,A14D297BQB6QF3,"public debt_(61.733, 226.1]_0"
1079,0.7,AVIH7MSMSTZCW,"public debt_(61.733, 226.1]_0"
1086,0.8,AY7WPVKHVNBLG,"public debt_(61.733, 226.1]_0"
1087,0.4,A1HKB73TUJ5Z42,"public debt_(61.733, 226.1]_0"
1088,0.6,A3HNEYFOIJWPH1,"public debt_(61.733, 226.1]_0"
1089,0.6,AMA18W8F60Y2J,"public debt_(61.733, 226.1]_0"
1090,0.1,A3IB7YJHP04OHI,"public debt_(61.733, 226.1]_0"
1091,0.3,A1GF29TP5AVQ49,"public debt_(61.733, 226.1]_0"
1092,0.6,A34N6YXTZKEPPW,"public debt_(61.733, 226.1]_0"
1095,0.6,A2Z19J95Q1IXMZ,"public debt_(61.733, 226.1]_0"
1096,0.7,A2F48NO7AD9VKK,"public debt_(61.733, 226.1]_0"
1098,0.3,A3U7TRQS729GNW,"public debt_(61.733, 226.1]_0"
1103,0.8,A19BMRBO5UAD6H,"public debt_(61.733, 226.1]_0"
1104,0.8,A29ZJBKY6UG4B8,"public debt_(61.733, 226.1]_0"
1105,0.2,A2EDI66B0KTBEH,"public debt_(61.733, 226.1]_0"
1106,0.3,A1QVNF19XSRSD7,"public debt_(61.733, 226.1]_0"
1107,0.1,A30RAYNDOWQ61S,"public debt_(61.733, 226.1]_0"
1108,0.6,A319HGTKM0UY0V,"public debt_(61.733, 226.1]_0"
1109,0.6,A23TQQBMP0WE0X,"public debt_(61.733, 226.1]_0"
1110,0.2,AGQ12PTGHKMDU,"public debt_(61.733, 226.1]_0"
1111,0.9,A28FMRMS9TMEOZ,"public debt_(61.733, 226.1]_0"
1112,0.3,A99XFZJQZBRU7,"public debt_(61.733, 226.1]_0"
1113,0.7,A3K0TCD0S67NV7,"public debt_(61.733, 226.1]_0"
1114,0.5,ATB9VOR75W6P3,"public debt_(61.733, 226.1]_0"
1115,0.3,A12R2U6TBB3OOG,"public debt_(61.733, 226.1]_0"
1116,0.6,A1M8GE34UYSUCB,"public debt_(61.733, 226.1]_0"
1117,0.9,A2HL2THWOYKV97,"public debt_(61.733, 226.1]_0"
1118,0.8,AM6QCETB9LZFK,"public debt_(61.733, 226.1]_0"
1119,0.3,A1GYO6CJMVA9ZA,"public debt_(61.733, 226.1]_0"
1120,0.8,A2Y5UD9VD9RKUK,"public debt_(61.733, 226.1]_0"
1121,0.5,A27MJOV91GA8R3,"public debt_(61.733, 226.1]_0"
1122,0.4,A1KJI092IOCO8Q,"public debt_(61.733, 226.1]_1"
1123,0.5,A1AQK667NBERJ1,"public debt_(61.733, 226.1]_1"
1124,0.7,ANMXMEB55AGM6,"public debt_(61.733, 226.1]_1"
1125,0.3,AL36KBFL3ORCD,"public debt_(61.733, 226.1]_1"
1126,0.8,A1JSUTQQBKXS86,"public debt_(61.733, 226.1]_1"
1127,0.5,AOTF48KUV9KWM,"public debt_(61.733, 226.1]_1"
1128,0.4,A1KH1O9AZ7S642,"public debt_(61.733, 226.1]_1"
1129,0.1,A3DT085TCZLLMH,"public debt_(61.733, 226.1]_1"
1131,0.3,A10MH2GE01BXXE,"public debt_(61.733, 226.1]_1"
1132,0.6,A14D297BQB6QF3,"public debt_(61.733, 226.1]_1"
1133,0.3,AVIH7MSMSTZCW,"public debt_(61.733, 226.1]_1"
1140,0.2,AY7WPVKHVNBLG,"public debt_(61.733, 226.1]_1"
1141,0.3,A1HKB73TUJ5Z42,"public debt_(61.733, 226.1]_1"
1142,0.2,A3HNEYFOIJWPH1,"public debt_(61.733, 226.1]_1"
1143,0.3,AMA18W8F60Y2J,"public debt_(61.733, 226.1]_1"
1144,0.1,A3IB7YJHP04OHI,"public debt_(61.733, 226.1]_1"
1145,0.7,A1GF29TP5AVQ49,"public debt_(61.733, 226.1]_1"
1146,0.8,A34N6YXTZKEPPW,"public debt_(61.733, 226.1]_1"
1149,0.2,A2Z19J95Q1IXMZ,"public debt_(61.733, 226.1]_1"
1150,0.8,A2F48NO7AD9VKK,"public debt_(61.733, 226.1]_1"
1152,0.8,A3U7TRQS729GNW,"public debt_(61.733, 226.1]_1"
1157,0.6,A19BMRBO5UAD6H,"public debt_(61.733, 226.1]_1"
1158,0.3,A29ZJBKY6UG4B8,"public debt_(61.733, 226.1]_1"
1159,0.8,A2EDI66B0KTBEH,"public debt_(61.733, 226.1]_1"
1160,0.8,A1QVNF19XSRSD7,"public debt_(61.733, 226.1]_1"
1161,0.3,A30RAYNDOWQ61S,"public debt_(61.733, 226.1]_1"
1162,0.8,A319HGTKM0UY0V,"public debt_(61.733, 226.1]_1"
1163,0.4,A23TQQBMP0WE0X,"public debt_(61.733, 226.1]_1"
1164,0.6,AGQ12PTGHKMDU,"public debt_(61.733, 226.1]_1"
1165,0.6,A28FMRMS9TMEOZ,"public debt_(61.733, 226.1]_1"
1166,0.6,A99XFZJQZBRU7,"public debt_(61.733, 226.1]_1"
1167,0.2,A3K0TCD0S67NV7,"public debt_(61.733, 226.1]_1"
1168,0.5,ATB9VOR75W6P3,"public debt_(61.733, 226.1]_1"
1169,0.6,A12R2U6TBB3OOG,"public debt_(61.733, 226.1]_1"
1170,0.7,A1M8GE34UYSUCB,"public debt_(61.733, 226.1]_1"
1171,0.4,A2HL2THWOYKV97,"public debt_(61.733, 226.1]_1"
1172,0.5,AM6QCETB9LZFK,"public debt_(61.733, 226.1]_1"
1173,0.5,A1GYO6CJMVA9ZA,"public debt_(61.733, 226.1]_1"
1174,0.6,A2Y5UD9VD9RKUK,"public debt_(61.733, 226.1]_1"
1175,0.7,A27MJOV91GA8R3,"public debt_(61.733, 226.1]_1"
1176,0.3,A1KJI092IOCO8Q,"public debt_(61.733, 226.1]"
1177,0.2,A1AQK667NBERJ1,"public debt_(61.733, 226.1]"
1178,0.2,ANMXMEB55AGM6,"public debt_(61.733, 226.1]"
1179,0.4,AL36KBFL3ORCD,"public debt_(61.733, 226.1]"
1180,0.4,A1JSUTQQBKXS86,"public debt_(61.733, 226.1]"
1181,0.8,AOTF48KUV9KWM,"public debt_(61.733, 226.1]"
1182,0.9,A1KH1O9AZ7S642,"public debt_(61.733, 226.1]"
1183,0.1,A3DT085TCZLLMH,"public debt_(61.733, 226.1]"
1185,0.4,A10MH2GE01BXXE,"public debt_(61.733, 226.1]"
1186,0.7,A14D297BQB6QF3,"public debt_(61.733, 226.1]"
1187,0.4,AVIH7MSMSTZCW,"public debt_(61.733, 226.1]"
1194,0.5,AY7WPVKHVNBLG,"public debt_(61.733, 226.1]"
1195,0.7,A1HKB73TUJ5Z42,"public debt_(61.733, 226.1]"
1196,0.8,A3HNEYFOIJWPH1,"public debt_(61.733, 226.1]"
1197,0.4,AMA18W8F60Y2J,"public debt_(61.733, 226.1]"
1198,0.3,A3IB7YJHP04OHI,"public debt_(61.733, 226.1]"
1199,0.1,A1GF29TP5AVQ49,"public debt_(61.733, 226.1]"
1200,0.6,A34N6YXTZKEPPW,"public debt_(61.733, 226.1]"
1203,0.5,A2Z19J95Q1IXMZ,"public debt_(61.733, 226.1]"
1204,0.9,A2F48NO7AD9VKK,"public debt_(61.733, 226.1]"
1206,0.1,A3U7TRQS729GNW,"public debt_(61.733, 226.1]"
1211,0.6,A19BMRBO5UAD6H,"public debt_(61.733, 226.1]"
1212,0.6,A29ZJBKY6UG4B8,"public debt_(61.733, 226.1]"
1213,0.6,A2EDI66B0KTBEH,"public debt_(61.733, 226.1]"
1214,0.4,A1QVNF19XSRSD7,"public debt_(61.733, 226.1]"
1215,0.3,A30RAYNDOWQ61S,"public debt_(61.733, 226.1]"
1216,0.3,A319HGTKM0UY0V,"public debt_(61.733, 226.1]"
1217,0.4,A23TQQBMP0WE0X,"public debt_(61.733, 226.1]"
1218,0.6,AGQ12PTGHKMDU,"public debt_(61.733, 226.1]"
1219,0.6,A28FMRMS9TMEOZ,"public debt_(61.733, 226.1]"
1220,0.4,A99XFZJQZBRU7,"public debt_(61.733, 226.1]"
1221,0.3,A3K0TCD0S67NV7,"public debt_(61.733, 226.1]"
1222,0.4,ATB9VOR75W6P3,"public debt_(61.733, 226.1]"
1223,0.7,A12R2U6TBB3OOG,"public debt_(61.733, 226.1]"
1224,0.8,A1M8GE34UYSUCB,"public debt_(61.733, 226.1]"
1225,0.8,A2HL2THWOYKV97,"public debt_(61.733, 226.1]"
1226,0.6,AM6QCETB9LZFK,"public debt_(61.733, 226.1]"
1227,0.6,A1GYO6CJMVA9ZA,"public debt_(61.733, 226.1]"
1228,0.4,A2Y5UD9VD9RKUK,"public debt_(61.733, 226.1]"
1229,0.3,A27MJOV91GA8R3,"public debt_(61.733, 226.1]"
1230,0.7,ANMXMEB55AGM6,"education expenditures_(4.133, 5.6]_0"
1231,0.1,AVHZJ2HQJG3NB,"education expenditures_(4.133, 5.6]_0"
1232,0.5,A1KH1O9AZ7S642,"education expenditures_(4.133, 5.6]_0"
1233,0.7,AZE084MMZVEYT,"education expenditures_(4.133, 5.6]_0"
1235,0.2,A4NRNY8PZV1JW,"education expenditures_(4.133, 5.6]_0"
1236,0.3,A2PAP6WAU1OLNH,"education expenditures_(4.133, 5.6]_0"
1243,0.3,A6NNTKY436XR8,"education expenditures_(4.133, 5.6]_0"
1249,0.1,AIIATFTCUSO9H,"education expenditures_(4.133, 5.6]_0"
1250,0.2,A11R8G0FYA2UVQ,"education expenditures_(4.133, 5.6]_0"
1251,0.2,A2XFGTPDO4KQ2B,"education expenditures_(4.133, 5.6]_0"
1252,0.3,A1OSRB1Q63XXWZ,"education expenditures_(4.133, 5.6]_0"
1253,0.5,A32ES5EUTQUQVN,"education expenditures_(4.133, 5.6]_0"
1254,0.3,A27SMEOPKV84VI,"education expenditures_(4.133, 5.6]_0"
1255,0.3,A2YPZF41N7BFA2,"education expenditures_(4.133, 5.6]_0"
1256,0.8,A2G57M3XD1AIBS,"education expenditures_(4.133, 5.6]_0"
1257,0.5,A20NDRGSZZRQF,"education expenditures_(4.133, 5.6]_0"
1258,0.3,A321LGD46B3M9Y,"education expenditures_(4.133, 5.6]_0"
1264,0.5,A35BY30TC8WCL4,"education expenditures_(4.133, 5.6]_0"
1265,0.1,A2FNQQTVE32XD9,"education expenditures_(4.133, 5.6]_0"
1267,0.3,A2BW6WD7LZ9EGV,"education expenditures_(4.133, 5.6]_0"
1268,0.8,A1R0689JPSQ3OF,"education expenditures_(4.133, 5.6]_0"
1269,0.7,A3ULZGQA5AQMTD,"education expenditures_(4.133, 5.6]_0"
1270,0.3,A3IUPHJSD8CP75,"education expenditures_(4.133, 5.6]_0"
1271,0.3,A2S70WW1VAPKK8,"education expenditures_(4.133, 5.6]_0"
1272,0.1,A134MJZL7H493A,"education expenditures_(4.133, 5.6]_0"
1273,0.3,ARIY7R4C3ZUIO,"education expenditures_(4.133, 5.6]_0"
1274,0.7,A20CZCJPRP54G9,"education expenditures_(4.133, 5.6]_0"
1275,0.6,A2HTN7HCNBQ8V4,"education expenditures_(4.133, 5.6]_0"
1276,0.4,A3QNCW3LR2AVOV,"education expenditures_(4.133, 5.6]_0"
1277,0.7,A1ZIFC5AFQCDZT,"education expenditures_(4.133, 5.6]_0"
1278,0.1,A2V6O4L39VI89R,"education expenditures_(4.133, 5.6]_0"
1279,0.1,A2YRYS17DU3A8R,"education expenditures_(4.133, 5.6]_0"
1280,0.3,ANMXMEB55AGM6,"education expenditures_(4.133, 5.6]_1"
1281,0.2,AVHZJ2HQJG3NB,"education expenditures_(4.133, 5.6]_1"
1282,0.6,A1KH1O9AZ7S642,"education expenditures_(4.133, 5.6]_1"
1283,0.5,AZE084MMZVEYT,"education expenditures_(4.133, 5.6]_1"
1285,0.2,A4NRNY8PZV1JW,"education expenditures_(4.133, 5.6]_1"
1286,0.2,A2PAP6WAU1OLNH,"education expenditures_(4.133, 5.6]_1"
1293,0.2,A6NNTKY436XR8,"education expenditures_(4.133, 5.6]_1"
1299,0.1,AIIATFTCUSO9H,"education expenditures_(4.133, 5.6]_1"
1300,0.3,A11R8G0FYA2UVQ,"education expenditures_(4.133, 5.6]_1"
1301,0.4,A2XFGTPDO4KQ2B,"education expenditures_(4.133, 5.6]_1"
1302,0.4,A1OSRB1Q63XXWZ,"education expenditures_(4.133, 5.6]_1"
1303,0.9,A32ES5EUTQUQVN,"education expenditures_(4.133, 5.6]_1"
1304,0.6,A27SMEOPKV84VI,"education expenditures_(4.133, 5.6]_1"
1305,0.5,A2YPZF41N7BFA2,"education expenditures_(4.133, 5.6]_1"
1306,0.5,A2G57M3XD1AIBS,"education expenditures_(4.133, 5.6]_1"
1307,0.9,A20NDRGSZZRQF,"education expenditures_(4.133, 5.6]_1"
1308,0.4,A321LGD46B3M9Y,"education expenditures_(4.133, 5.6]_1"
1314,0.5,A35BY30TC8WCL4,"education expenditures_(4.133, 5.6]_1"
1315,0.1,A2FNQQTVE32XD9,"education expenditures_(4.133, 5.6]_1"
1317,0.2,A2BW6WD7LZ9EGV,"education expenditures_(4.133, 5.6]_1"
1318,0.9,A1R0689JPSQ3OF,"education expenditures_(4.133, 5.6]_1"
1319,0.9,A3ULZGQA5AQMTD,"education expenditures_(4.133, 5.6]_1"
1320,0.2,A3IUPHJSD8CP75,"education expenditures_(4.133, 5.6]_1"
1321,0.5,A2S70WW1VAPKK8,"education expenditures_(4.133, 5.6]_1"
1322,0.6,A134MJZL7H493A,"education expenditures_(4.133, 5.6]_1"
1323,0.6,ARIY7R4C3ZUIO,"education expenditures_(4.133, 5.6]_1"
1324,0.3,A20CZCJPRP54G9,"education expenditures_(4.133, 5.6]_1"
1325,0.8,A2HTN7HCNBQ8V4,"education expenditures_(4.133, 5.6]_1"
1326,0.7,A3QNCW3LR2AVOV,"education expenditures_(4.133, 5.6]_1"
1327,0.3,A1ZIFC5AFQCDZT,"education expenditures_(4.133, 5.6]_1"
1328,0.2,A2V6O4L39VI89R,"education expenditures_(4.133, 5.6]_1"
1329,0.6,A2YRYS17DU3A8R,"education expenditures_(4.133, 5.6]_1"
1330,0.2,ANMXMEB55AGM6,"education expenditures_(4.133, 5.6]"
1331,0.2,AVHZJ2HQJG3NB,"education expenditures_(4.133, 5.6]"
1332,0.4,A1KH1O9AZ7S642,"education expenditures_(4.133, 5.6]"
1333,0.2,AZE084MMZVEYT,"education expenditures_(4.133, 5.6]"
1335,0.3,A4NRNY8PZV1JW,"education expenditures_(4.133, 5.6]"
1336,0.1,A2PAP6WAU1OLNH,"education expenditures_(4.133, 5.6]"
1343,0.2,A6NNTKY436XR8,"education expenditures_(4.133, 5.6]"
1349,0.1,AIIATFTCUSO9H,"education expenditures_(4.133, 5.6]"
1350,0.5,A11R8G0FYA2UVQ,"education expenditures_(4.133, 5.6]"
1351,0.6,A2XFGTPDO4KQ2B,"education expenditures_(4.133, 5.6]"
1352,0.3,A1OSRB1Q63XXWZ,"education expenditures_(4.133, 5.6]"
1353,0.1,A32ES5EUTQUQVN,"education expenditures_(4.133, 5.6]"
1354,0.5,A27SMEOPKV84VI,"education expenditures_(4.133, 5.6]"
1355,0.6,A2YPZF41N7BFA2,"education expenditures_(4.133, 5.6]"
1356,0.4,A2G57M3XD1AIBS,"education expenditures_(4.133, 5.6]"
1357,0.1,A20NDRGSZZRQF,"education expenditures_(4.133, 5.6]"
1358,0.3,A321LGD46B3M9Y,"education expenditures_(4.133, 5.6]"
1364,0.7,A35BY30TC8WCL4,"education expenditures_(4.133, 5.6]"
1365,0.1,A2FNQQTVE32XD9,"education expenditures_(4.133, 5.6]"
1367,0.2,A2BW6WD7LZ9EGV,"education expenditures_(4.133, 5.6]"
1368,0.7,A1R0689JPSQ3OF,"education expenditures_(4.133, 5.6]"
1369,0.3,A3ULZGQA5AQMTD,"education expenditures_(4.133, 5.6]"
1370,0.2,A3IUPHJSD8CP75,"education expenditures_(4.133, 5.6]"
1371,0.7,A2S70WW1VAPKK8,"education expenditures_(4.133, 5.6]"
1372,0.3,A134MJZL7H493A,"education expenditures_(4.133, 5.6]"
1373,0.3,ARIY7R4C3ZUIO,"education expenditures_(4.133, 5.6]"
1374,0.6,A20CZCJPRP54G9,"education expenditures_(4.133, 5.6]"
1375,0.7,A2HTN7HCNBQ8V4,"education expenditures_(4.133, 5.6]"
1376,0.4,A3QNCW3LR2AVOV,"education expenditures_(4.133, 5.6]"
1377,0.4,A1ZIFC5AFQCDZT,"education expenditures_(4.133, 5.6]"
1378,0.3,A2V6O4L39VI89R,"education expenditures_(4.133, 5.6]"
1379,0.3,A2YRYS17DU3A8R,"education expenditures_(4.133, 5.6]"
1381,0.9,A2ABSQBRUAUS4C,"internet users_[14400, 1167666.667]_0"
1382,0.8,A3BL2ZEODD79AZ,"internet users_[14400, 1167666.667]_0"
1383,0.8,A35BY30TC8WCL4,"internet users_[14400, 1167666.667]_0"
1385,0.9,ANVAFB99K5RKP,"internet users_[14400, 1167666.667]_0"
1386,0.8,A23JA6ICO4BPQ5,"internet users_[14400, 1167666.667]_0"
1391,0.5,A20NDRGSZZRQF,"internet users_[14400, 1167666.667]_0"
1392,0.7,A16V7VANMHW5JJ,"internet users_[14400, 1167666.667]_0"
1393,0.2,ANMXMEB55AGM6,"internet users_[14400, 1167666.667]_0"
1394,0.7,A38ZGWB47QTEY6,"internet users_[14400, 1167666.667]_0"
1395,0.9,A3HNEYFOIJWPH1,"internet users_[14400, 1167666.667]_0"
1396,0.8,A1Q6IR9E7MW3BM,"internet users_[14400, 1167666.667]_0"
1397,0.9,A1KH1O9AZ7S642,"internet users_[14400, 1167666.667]_0"
1398,0.2,A1T16G11LQWFXC,"internet users_[14400, 1167666.667]_0"
1399,0.2,A3UV55HC87DO9C,"internet users_[14400, 1167666.667]_0"
1400,0.2,A1FBO95OVBYOH1,"internet users_[14400, 1167666.667]_0"
1401,0.1,A2YRYS17DU3A8R,"internet users_[14400, 1167666.667]_0"
1402,0.8,A2O2Q0LVWOWJ1G,"internet users_[14400, 1167666.667]_0"
1403,0.6,A1NITMHYG5YL3H,"internet users_[14400, 1167666.667]_0"
1404,0.9,AN0YTSX9A0B60,"internet users_[14400, 1167666.667]_0"
1405,0.8,AMA18W8F60Y2J,"internet users_[14400, 1167666.667]_0"
1406,0.3,A17CJYH3NI201S,"internet users_[14400, 1167666.667]_0"
1407,0.9,AOTF48KUV9KWM,"internet users_[14400, 1167666.667]_0"
1408,0.8,A2CF2BD4Q0ZDJN,"internet users_[14400, 1167666.667]_0"
1409,0.9,A3O3RIY1ELZ6YR,"internet users_[14400, 1167666.667]_0"
1410,0.4,ARQVX5N01PRSF,"internet users_[14400, 1167666.667]_0"
1411,0.6,A3NHJPE6326P9V,"internet users_[14400, 1167666.667]_0"
1416,0.8,A3U7TRQS729GNW,"internet users_[14400, 1167666.667]_0"
1419,0.4,A2BXIKA3RQU7B5,"internet users_[14400, 1167666.667]_0"
1421,0.1,A2ABSQBRUAUS4C,"internet users_[14400, 1167666.667]_1"
1422,0.4,A3BL2ZEODD79AZ,"internet users_[14400, 1167666.667]_1"
1423,0.6,A35BY30TC8WCL4,"internet users_[14400, 1167666.667]_1"
1425,0.2,ANVAFB99K5RKP,"internet users_[14400, 1167666.667]_1"
1426,0.2,A23JA6ICO4BPQ5,"internet users_[14400, 1167666.667]_1"
1431,0.4,A20NDRGSZZRQF,"internet users_[14400, 1167666.667]_1"
1432,0.3,A16V7VANMHW5JJ,"internet users_[14400, 1167666.667]_1"
1433,0.1,ANMXMEB55AGM6,"internet users_[14400, 1167666.667]_1"
1434,0.3,A38ZGWB47QTEY6,"internet users_[14400, 1167666.667]_1"
1435,0.6,A3HNEYFOIJWPH1,"internet users_[14400, 1167666.667]_1"
1436,0.2,A1Q6IR9E7MW3BM,"internet users_[14400, 1167666.667]_1"
1437,0.1,A1KH1O9AZ7S642,"internet users_[14400, 1167666.667]_1"
1438,0.1,A1T16G11LQWFXC,"internet users_[14400, 1167666.667]_1"
1439,0.1,A3UV55HC87DO9C,"internet users_[14400, 1167666.667]_1"
1440,0.1,A1FBO95OVBYOH1,"internet users_[14400, 1167666.667]_1"
1441,0.2,A2YRYS17DU3A8R,"internet users_[14400, 1167666.667]_1"
1442,0.6,A2O2Q0LVWOWJ1G,"internet users_[14400, 1167666.667]_1"
1443,0.2,A1NITMHYG5YL3H,"internet users_[14400, 1167666.667]_1"
1444,0.1,AN0YTSX9A0B60,"internet users_[14400, 1167666.667]_1"
1445,0.2,AMA18W8F60Y2J,"internet users_[14400, 1167666.667]_1"
1446,0.1,A17CJYH3NI201S,"internet users_[14400, 1167666.667]_1"
1447,0.2,AOTF48KUV9KWM,"internet users_[14400, 1167666.667]_1"
1448,0.2,A2CF2BD4Q0ZDJN,"internet users_[14400, 1167666.667]_1"
1449,0.3,A3O3RIY1ELZ6YR,"internet users_[14400, 1167666.667]_1"
1450,0.2,ARQVX5N01PRSF,"internet users_[14400, 1167666.667]_1"
1451,0.1,A3NHJPE6326P9V,"internet users_[14400, 1167666.667]_1"
1456,0.1,A3U7TRQS729GNW,"internet users_[14400, 1167666.667]_1"
1459,0.6,A2BXIKA3RQU7B5,"internet users_[14400, 1167666.667]_1"
1461,0.4,A2ABSQBRUAUS4C,"internet users_[14400, 1167666.667]"
1462,0.6,A3BL2ZEODD79AZ,"internet users_[14400, 1167666.667]"
1463,0.3,A35BY30TC8WCL4,"internet users_[14400, 1167666.667]"
1465,0.3,ANVAFB99K5RKP,"internet users_[14400, 1167666.667]"
1466,0.3,A23JA6ICO4BPQ5,"internet users_[14400, 1167666.667]"
1471,0.1,A20NDRGSZZRQF,"internet users_[14400, 1167666.667]"
1472,0.5,A16V7VANMHW5JJ,"internet users_[14400, 1167666.667]"
1473,0.3,ANMXMEB55AGM6,"internet users_[14400, 1167666.667]"
1474,0.3,A38ZGWB47QTEY6,"internet users_[14400, 1167666.667]"
1475,0.8,A3HNEYFOIJWPH1,"internet users_[14400, 1167666.667]"
1476,0.4,A1Q6IR9E7MW3BM,"internet users_[14400, 1167666.667]"
1477,0.6,A1KH1O9AZ7S642,"internet users_[14400, 1167666.667]"
1478,0.6,A1T16G11LQWFXC,"internet users_[14400, 1167666.667]"
1479,0.3,A3UV55HC87DO9C,"internet users_[14400, 1167666.667]"
1480,0.4,A1FBO95OVBYOH1,"internet users_[14400, 1167666.667]"
1481,0.2,A2YRYS17DU3A8R,"internet users_[14400, 1167666.667]"
1482,0.3,A2O2Q0LVWOWJ1G,"internet users_[14400, 1167666.667]"
1483,0.3,A1NITMHYG5YL3H,"internet users_[14400, 1167666.667]"
1484,0.5,AN0YTSX9A0B60,"internet users_[14400, 1167666.667]"
1485,0.4,AMA18W8F60Y2J,"internet users_[14400, 1167666.667]"
1486,0.2,A17CJYH3NI201S,"internet users_[14400, 1167666.667]"
1487,0.5,AOTF48KUV9KWM,"internet users_[14400, 1167666.667]"
1488,0.1,A2CF2BD4Q0ZDJN,"internet users_[14400, 1167666.667]"
1489,0.7,A3O3RIY1ELZ6YR,"internet users_[14400, 1167666.667]"
1490,0.1,ARQVX5N01PRSF,"internet users_[14400, 1167666.667]"
1491,0.1,A3NHJPE6326P9V,"internet users_[14400, 1167666.667]"
1496,0.3,A3U7TRQS729GNW,"internet users_[14400, 1167666.667]"
1499,0.1,A2BXIKA3RQU7B5,"internet users_[14400, 1167666.667]"
1501,0.2,A2ABSQBRUAUS4C,"electricity consumption per person_(4244.0286, 48501.33]_0"
1504,0.8,A37EV8RZ82WT8E,"electricity consumption per person_(4244.0286, 48501.33]_0"
1505,0.5,A1AQK667NBERJ1,"electricity consumption per person_(4244.0286, 48501.33]_0"
1506,0.4,A1GJA9DZS0F43K,"electricity consumption per person_(4244.0286, 48501.33]_0"
1511,0.1,ANMXMEB55AGM6,"electricity consumption per person_(4244.0286, 48501.33]_0"
1512,0.4,A86GVZDTI15V0,"electricity consumption per person_(4244.0286, 48501.33]_0"
1513,0.3,A364KJDYEBAWC9,"electricity consumption per person_(4244.0286, 48501.33]_0"
1516,0.3,ATB9VOR75W6P3,"electricity consumption per person_(4244.0286, 48501.33]_0"
1517,0.4,A1T16G11LQWFXC,"electricity consumption per person_(4244.0286, 48501.33]_0"
1518,0.7,A1M8GE34UYSUCB,"electricity consumption per person_(4244.0286, 48501.33]_0"
1519,0.9,A1D4I1QYL9713I,"electricity consumption per person_(4244.0286, 48501.33]_0"
1520,0.5,A1X0WT0A91ZCIH,"electricity consumption per person_(4244.0286, 48501.33]_0"
1521,0.1,A29AX5O8KL48F8,"electricity consumption per person_(4244.0286, 48501.33]_0"
1522,0.3,A10DCC73F2CKHC,"electricity consumption per person_(4244.0286, 48501.33]_0"
1523,0.1,A17ELSQUMU0QT6,"electricity consumption per person_(4244.0286, 48501.33]_0"
1524,0.3,A1ZRK6K5JUPJAV,"electricity consumption per person_(4244.0286, 48501.33]_0"
1525,0.1,A2P0T88FJMZXUM,"electricity consumption per person_(4244.0286, 48501.33]_0"
1526,0.5,A9DDL2ARURWLI,"electricity consumption per person_(4244.0286, 48501.33]_0"
1527,0.4,A2O7P3NAOR9TUG,"electricity consumption per person_(4244.0286, 48501.33]_0"
1528,0.3,A5UHPNDXCAO7O,"electricity consumption per person_(4244.0286, 48501.33]_0"
1529,0.1,A2YKW761AK4ZGY,"electricity consumption per person_(4244.0286, 48501.33]_0"
1530,0.4,A3HHDPKL3O3O7Y,"electricity consumption per person_(4244.0286, 48501.33]_0"
1531,0.2,A2M4YIC3XU2693,"electricity consumption per person_(4244.0286, 48501.33]_0"
1532,0.1,A1GF29TP5AVQ49,"electricity consumption per person_(4244.0286, 48501.33]_0"
1533,0.6,A3Y2Z6ZK6HEAC,"electricity consumption per person_(4244.0286, 48501.33]_0"
1540,0.6,A2CF2BD4Q0ZDJN,"electricity consumption per person_(4244.0286, 48501.33]_0"
1541,0.3,A11R8G0FYA2UVQ,"electricity consumption per person_(4244.0286, 48501.33]_0"
1542,0.3,A3O9Q7AV4TDE4G,"electricity consumption per person_(4244.0286, 48501.33]_0"
1543,0.5,A1TM1ZFU4OIPTD,"electricity consumption per person_(4244.0286, 48501.33]_0"
1544,0.2,A35QZFRG4FKK3Z,"electricity consumption per person_(4244.0286, 48501.33]_0"
1545,0.2,A3L4RJUHA0CJEA,"electricity consumption per person_(4244.0286, 48501.33]_0"
1546,0.2,A1743ZO14I4NFO,"electricity consumption per person_(4244.0286, 48501.33]_0"
1547,0.8,A292IMAU5EW3MN,"electricity consumption per person_(4244.0286, 48501.33]_0"
1548,0.1,ANQG22MEKC96H,"electricity consumption per person_(4244.0286, 48501.33]_0"
1549,0.1,A8GWYS9O8FUEK,"electricity consumption per person_(4244.0286, 48501.33]_0"
1550,0.8,A2VU8AC7MY3721,"electricity consumption per person_(4244.0286, 48501.33]_0"
1551,0.6,A28VVLG6MDEQC4,"electricity consumption per person_(4244.0286, 48501.33]_0"
1552,0.1,A1YX741QQSMKPS,"electricity consumption per person_(4244.0286, 48501.33]_0"
1553,0.7,A1OIXGF4N7O93T,"electricity consumption per person_(4244.0286, 48501.33]_0"
1554,0.3,A1NKBXOTZAI1YK,"electricity consumption per person_(4244.0286, 48501.33]_0"
1556,0.9,A2ABSQBRUAUS4C,"electricity consumption per person_(4244.0286, 48501.33]_1"
1559,0.7,A37EV8RZ82WT8E,"electricity consumption per person_(4244.0286, 48501.33]_1"
1560,0.5,A1AQK667NBERJ1,"electricity consumption per person_(4244.0286, 48501.33]_1"
1561,0.1,A1GJA9DZS0F43K,"electricity consumption per person_(4244.0286, 48501.33]_1"
1566,0.3,ANMXMEB55AGM6,"electricity consumption per person_(4244.0286, 48501.33]_1"
1567,0.5,A86GVZDTI15V0,"electricity consumption per person_(4244.0286, 48501.33]_1"
1568,0.9,A364KJDYEBAWC9,"electricity consumption per person_(4244.0286, 48501.33]_1"
1571,0.9,ATB9VOR75W6P3,"electricity consumption per person_(4244.0286, 48501.33]_1"
1572,0.6,A1T16G11LQWFXC,"electricity consumption per person_(4244.0286, 48501.33]_1"
1573,0.9,A1M8GE34UYSUCB,"electricity consumption per person_(4244.0286, 48501.33]_1"
1574,0.1,A1D4I1QYL9713I,"electricity consumption per person_(4244.0286, 48501.33]_1"
1575,0.1,A1X0WT0A91ZCIH,"electricity consumption per person_(4244.0286, 48501.33]_1"
1576,0.7,A29AX5O8KL48F8,"electricity consumption per person_(4244.0286, 48501.33]_1"
1577,0.7,A10DCC73F2CKHC,"electricity consumption per person_(4244.0286, 48501.33]_1"
1578,0.8,A17ELSQUMU0QT6,"electricity consumption per person_(4244.0286, 48501.33]_1"
1579,0.1,A1ZRK6K5JUPJAV,"electricity consumption per person_(4244.0286, 48501.33]_1"
1580,0.8,A2P0T88FJMZXUM,"electricity consumption per person_(4244.0286, 48501.33]_1"
1581,0.9,A9DDL2ARURWLI,"electricity consumption per person_(4244.0286, 48501.33]_1"
1582,0.9,A2O7P3NAOR9TUG,"electricity consumption per person_(4244.0286, 48501.33]_1"
1583,0.7,A5UHPNDXCAO7O,"electricity consumption per person_(4244.0286, 48501.33]_1"
1584,0.8,A2YKW761AK4ZGY,"electricity consumption per person_(4244.0286, 48501.33]_1"
1585,0.6,A3HHDPKL3O3O7Y,"electricity consumption per person_(4244.0286, 48501.33]_1"
1586,0.7,A2M4YIC3XU2693,"electricity consumption per person_(4244.0286, 48501.33]_1"
1587,0.6,A1GF29TP5AVQ49,"electricity consumption per person_(4244.0286, 48501.33]_1"
1588,0.8,A3Y2Z6ZK6HEAC,"electricity consumption per person_(4244.0286, 48501.33]_1"
1595,0.8,A2CF2BD4Q0ZDJN,"electricity consumption per person_(4244.0286, 48501.33]_1"
1596,0.3,A11R8G0FYA2UVQ,"electricity consumption per person_(4244.0286, 48501.33]_1"
1597,0.8,A3O9Q7AV4TDE4G,"electricity consumption per person_(4244.0286, 48501.33]_1"
1598,0.7,A1TM1ZFU4OIPTD,"electricity consumption per person_(4244.0286, 48501.33]_1"
1599,0.9,A35QZFRG4FKK3Z,"electricity consumption per person_(4244.0286, 48501.33]_1"
1600,0.7,A3L4RJUHA0CJEA,"electricity consumption per person_(4244.0286, 48501.33]_1"
1601,0.5,A1743ZO14I4NFO,"electricity consumption per person_(4244.0286, 48501.33]_1"
1602,0.3,A292IMAU5EW3MN,"electricity consumption per person_(4244.0286, 48501.33]_1"
1603,0.1,ANQG22MEKC96H,"electricity consumption per person_(4244.0286, 48501.33]_1"
1604,0.5,A8GWYS9O8FUEK,"electricity consumption per person_(4244.0286, 48501.33]_1"
1605,0.4,A2VU8AC7MY3721,"electricity consumption per person_(4244.0286, 48501.33]_1"
1606,0.4,A28VVLG6MDEQC4,"electricity consumption per person_(4244.0286, 48501.33]_1"
1607,0.7,A1YX741QQSMKPS,"electricity consumption per person_(4244.0286, 48501.33]_1"
1608,0.4,A1OIXGF4N7O93T,"electricity consumption per person_(4244.0286, 48501.33]_1"
1609,0.8,A1NKBXOTZAI1YK,"electricity consumption per person_(4244.0286, 48501.33]_1"
1611,0.3,A2ABSQBRUAUS4C,"electricity consumption per person_(4244.0286, 48501.33]"
1614,0.9,A37EV8RZ82WT8E,"electricity consumption per person_(4244.0286, 48501.33]"
1615,0.5,A1AQK667NBERJ1,"electricity consumption per person_(4244.0286, 48501.33]"
1616,0.2,A1GJA9DZS0F43K,"electricity consumption per person_(4244.0286, 48501.33]"
1621,0.4,ANMXMEB55AGM6,"electricity consumption per person_(4244.0286, 48501.33]"
1622,0.6,A86GVZDTI15V0,"electricity consumption per person_(4244.0286, 48501.33]"
1623,0.3,A364KJDYEBAWC9,"electricity consumption per person_(4244.0286, 48501.33]"
1626,0.6,ATB9VOR75W6P3,"electricity consumption per person_(4244.0286, 48501.33]"
1627,0.2,A1T16G11LQWFXC,"electricity consumption per person_(4244.0286, 48501.33]"
1628,0.6,A1M8GE34UYSUCB,"electricity consumption per person_(4244.0286, 48501.33]"
1629,0.1,A1D4I1QYL9713I,"electricity consumption per person_(4244.0286, 48501.33]"
1630,0.4,A1X0WT0A91ZCIH,"electricity consumption per person_(4244.0286, 48501.33]"
1631,0.6,A29AX5O8KL48F8,"electricity consumption per person_(4244.0286, 48501.33]"
1632,0.9,A10DCC73F2CKHC,"electricity consumption per person_(4244.0286, 48501.33]"
1633,0.6,A17ELSQUMU0QT6,"electricity consumption per person_(4244.0286, 48501.33]"
1634,0.4,A1ZRK6K5JUPJAV,"electricity consumption per person_(4244.0286, 48501.33]"
1635,0.4,A2P0T88FJMZXUM,"electricity consumption per person_(4244.0286, 48501.33]"
1636,0.7,A9DDL2ARURWLI,"electricity consumption per person_(4244.0286, 48501.33]"
1637,0.2,A2O7P3NAOR9TUG,"electricity consumption per person_(4244.0286, 48501.33]"
1638,0.2,A5UHPNDXCAO7O,"electricity consumption per person_(4244.0286, 48501.33]"
1639,0.4,A2YKW761AK4ZGY,"electricity consumption per person_(4244.0286, 48501.33]"
1640,0.2,A3HHDPKL3O3O7Y,"electricity consumption per person_(4244.0286, 48501.33]"
1641,0.5,A2M4YIC3XU2693,"electricity consumption per person_(4244.0286, 48501.33]"
1642,0.8,A1GF29TP5AVQ49,"electricity consumption per person_(4244.0286, 48501.33]"
1643,0.6,A3Y2Z6ZK6HEAC,"electricity consumption per person_(4244.0286, 48501.33]"
1650,0.5,A2CF2BD4Q0ZDJN,"electricity consumption per person_(4244.0286, 48501.33]"
1651,0.7,A11R8G0FYA2UVQ,"electricity consumption per person_(4244.0286, 48501.33]"
1652,0.2,A3O9Q7AV4TDE4G,"electricity consumption per person_(4244.0286, 48501.33]"
1653,0.3,A1TM1ZFU4OIPTD,"electricity consumption per person_(4244.0286, 48501.33]"
1654,0.4,A35QZFRG4FKK3Z,"electricity consumption per person_(4244.0286, 48501.33]"
1655,0.4,A3L4RJUHA0CJEA,"electricity consumption per person_(4244.0286, 48501.33]"
1656,0.5,A1743ZO14I4NFO,"electricity consumption per person_(4244.0286, 48501.33]"
1657,0.6,A292IMAU5EW3MN,"electricity consumption per person_(4244.0286, 48501.33]"
1658,0.8,ANQG22MEKC96H,"electricity consumption per person_(4244.0286, 48501.33]"
1659,0.3,A8GWYS9O8FUEK,"electricity consumption per person_(4244.0286, 48501.33]"
1660,0.3,A2VU8AC7MY3721,"electricity consumption per person_(4244.0286, 48501.33]"
1661,0.5,A28VVLG6MDEQC4,"electricity consumption per person_(4244.0286, 48501.33]"
1662,0.4,A1YX741QQSMKPS,"electricity consumption per person_(4244.0286, 48501.33]"
1663,0.4,A1OIXGF4N7O93T,"electricity consumption per person_(4244.0286, 48501.33]"
1664,0.3,A1NKBXOTZAI1YK,"electricity consumption per person_(4244.0286, 48501.33]"
1665,0.2,A2ABSQBRUAUS4C,medals
1666,0.1,ANMXMEB55AGM6,medals
1667,0.3,A1F2YZD2VD1CTM,medals
1668,0.6,ATB9VOR75W6P3,medals
1674,0.2,A3AJJHOAV7WIUQ,medals
1684,0.3,AX0KHOWMMM6Z2,medals
1685,0.3,A25D66AC4QUW2U,medals
1686,0.6,A341FR20648KIN,medals
1687,0.1,A2FZ2BWPSQADGM,medals
1690,0.8,AVHZJ2HQJG3NB,medals
1692,0.7,A3LA5P3N3KI8U7,medals
1695,0.6,AIC05ZT6F4AGF,medals
1703,0.3,AHPUVVEDSDA5F,medals
1705,0.6,A3L2UB07EZJAMD,medals
1706,0.4,A252Z0ZJ7PF59Q,medals
1707,0.4,AOPG07J95DDJT,medals
1708,0.3,A11R8G0FYA2UVQ,medals
1709,0.6,A1TM1ZFU4OIPTD,medals
1711,0.7,A3FCQN13WTL05Q,medals
1712,0.2,A2F48NO7AD9VKK,medals
1713,0.1,A2IU5TX5S0FA1C,medals
1714,0.7,A39J5RLVDTM6SM,medals
1715,0.5,A2YXL5GQ3LZUY0,medals
1716,0.7,AAU61MG2R6RH0,medals
1717,0.4,A1Q6IR9E7MW3BM,medals
1718,0.7,AIR4UQNPIMFCJ,medals
1719,0.4,A1SWTHM03SN731,medals
1720,0.8,AOPG07J95DDJT,"electricity consumption per person_[26.757, 1320.325]_0"
1721,0.6,A2OVMADBMBNWFK,"electricity consumption per person_[26.757, 1320.325]_0"
1722,0.6,A273EH17NSJRH0,"electricity consumption per person_[26.757, 1320.325]_0"
1723,0.7,AU849EHZNGV2Z,"electricity consumption per person_[26.757, 1320.325]_0"
1724,0.6,AVDF9O70MW7X8,"electricity consumption per person_[26.757, 1320.325]_0"
1725,0.1,A1RWNYJA5X25YH,"electricity consumption per person_[26.757, 1320.325]_0"
1726,0.9,A3U7TRQS729GNW,"electricity consumption per person_[26.757, 1320.325]_0"
1727,0.8,A2AG45K4ULNBHF,"electricity consumption per person_[26.757, 1320.325]_0"
1728,0.8,A2OJ5XOEKTKRR9,"electricity consumption per person_[26.757, 1320.325]_0"
1737,0.2,AJ3F5RR0P8LZR,"electricity consumption per person_[26.757, 1320.325]_0"
1740,0.4,A3JT22BLG866CK,"electricity consumption per person_[26.757, 1320.325]_0"
1743,0.5,A1BAEFJ2OG7NJ0,"electricity consumption per person_[26.757, 1320.325]_0"
1744,0.8,A26U4IKXMXT0ZA,"electricity consumption per person_[26.757, 1320.325]_0"
1745,0.8,A1M8GE34UYSUCB,"electricity consumption per person_[26.757, 1320.325]_0"
1746,0.7,ANMXMEB55AGM6,"electricity consumption per person_[26.757, 1320.325]_0"
1747,0.7,A1A98K2NOI1QEC,"electricity consumption per person_[26.757, 1320.325]_0"
1748,0.1,A3NHJPE6326P9V,"electricity consumption per person_[26.757, 1320.325]_0"
1749,0.6,A1NKBXOTZAI1YK,"electricity consumption per person_[26.757, 1320.325]_0"
1750,0.2,AOPG07J95DDJT,"electricity consumption per person_[26.757, 1320.325]_1"
1751,0.4,A2OVMADBMBNWFK,"electricity consumption per person_[26.757, 1320.325]_1"
1752,0.7,A273EH17NSJRH0,"electricity consumption per person_[26.757, 1320.325]_1"
1753,0.3,AU849EHZNGV2Z,"electricity consumption per person_[26.757, 1320.325]_1"
1754,0.2,AVDF9O70MW7X8,"electricity consumption per person_[26.757, 1320.325]_1"
1755,0.1,A1RWNYJA5X25YH,"electricity consumption per person_[26.757, 1320.325]_1"
1756,0.4,A3U7TRQS729GNW,"electricity consumption per person_[26.757, 1320.325]_1"
1757,0.4,A2AG45K4ULNBHF,"electricity consumption per person_[26.757, 1320.325]_1"
1758,0.3,A2OJ5XOEKTKRR9,"electricity consumption per person_[26.757, 1320.325]_1"
1767,0.8,AJ3F5RR0P8LZR,"electricity consumption per person_[26.757, 1320.325]_1"
1770,0.2,A3JT22BLG866CK,"electricity consumption per person_[26.757, 1320.325]_1"
1773,0.3,A1BAEFJ2OG7NJ0,"electricity consumption per person_[26.757, 1320.325]_1"
1774,0.1,A26U4IKXMXT0ZA,"electricity consumption per person_[26.757, 1320.325]_1"
1775,0.3,A1M8GE34UYSUCB,"electricity consumption per person_[26.757, 1320.325]_1"
1776,0.3,ANMXMEB55AGM6,"electricity consumption per person_[26.757, 1320.325]_1"
1777,0.5,A1A98K2NOI1QEC,"electricity consumption per person_[26.757, 1320.325]_1"
1778,0.7,A3NHJPE6326P9V,"electricity consumption per person_[26.757, 1320.325]_1"
1779,0.2,A1NKBXOTZAI1YK,"electricity consumption per person_[26.757, 1320.325]_1"
1780,0.3,AOPG07J95DDJT,"electricity consumption per person_[26.757, 1320.325]"
1781,0.4,A2OVMADBMBNWFK,"electricity consumption per person_[26.757, 1320.325]"
1782,0.2,A273EH17NSJRH0,"electricity consumption per person_[26.757, 1320.325]"
1783,0.3,AU849EHZNGV2Z,"electricity consumption per person_[26.757, 1320.325]"
1784,0.2,AVDF9O70MW7X8,"electricity consumption per person_[26.757, 1320.325]"
1785,0.7,A1RWNYJA5X25YH,"electricity consumption per person_[26.757, 1320.325]"
1786,0.6,A3U7TRQS729GNW,"electricity consumption per person_[26.757, 1320.325]"
1787,0.1,A2AG45K4ULNBHF,"electricity consumption per person_[26.757, 1320.325]"
1788,0.4,A2OJ5XOEKTKRR9,"electricity consumption per person_[26.757, 1320.325]"
1797,0.5,AJ3F5RR0P8LZR,"electricity consumption per person_[26.757, 1320.325]"
1800,0.6,A3JT22BLG866CK,"electricity consumption per person_[26.757, 1320.325]"
1803,0.4,A1BAEFJ2OG7NJ0,"electricity consumption per person_[26.757, 1320.325]"
1804,0.8,A26U4IKXMXT0ZA,"electricity consumption per person_[26.757, 1320.325]"
1805,0.6,A1M8GE34UYSUCB,"electricity consumption per person_[26.757, 1320.325]"
1806,0.6,ANMXMEB55AGM6,"electricity consumption per person_[26.757, 1320.325]"
1807,0.1,A1A98K2NOI1QEC,"electricity consumption per person_[26.757, 1320.325]"
1808,0.2,A3NHJPE6326P9V,"electricity consumption per person_[26.757, 1320.325]"
1809,0.8,A1NKBXOTZAI1YK,"electricity consumption per person_[26.757, 1320.325]"
1810,0.3,A1R0689JPSQ3OF,"electricity consumption_(55576666666.667, 3890000000000]_0"
1811,0.2,A1EUK516LU9118,"electricity consumption_(55576666666.667, 3890000000000]_0"
1815,0.4,A10DCC73F2CKHC,"electricity consumption_(55576666666.667, 3890000000000]_0"
1816,0.1,A1F2YZD2VD1CTM,"electricity consumption_(55576666666.667, 3890000000000]_0"
1822,0.2,AOQCHCD338WQE,"electricity consumption_(55576666666.667, 3890000000000]_0"
1823,0.6,A1NITMHYG5YL3H,"electricity consumption_(55576666666.667, 3890000000000]_0"
1824,0.3,A15FXHC1CVNW31,"electricity consumption_(55576666666.667, 3890000000000]_0"
1825,0.3,A3IUIBMPBYHAF4,"electricity consumption_(55576666666.667, 3890000000000]_0"
1826,0.3,A1Q6IR9E7MW3BM,"electricity consumption_(55576666666.667, 3890000000000]_0"
1827,0.2,A3LE78DP9ZK2R7,"electricity consumption_(55576666666.667, 3890000000000]_0"
1828,0.3,A2WC2NO555XU3J,"electricity consumption_(55576666666.667, 3890000000000]_0"
1829,0.5,A3MKZ4HSQKNNOO,"electricity consumption_(55576666666.667, 3890000000000]_0"
1830,0.2,A1ZIFC5AFQCDZT,"electricity consumption_(55576666666.667, 3890000000000]_0"
1831,0.2,A3L2UB07EZJAMD,"electricity consumption_(55576666666.667, 3890000000000]_0"
1832,0.2,AVHZJ2HQJG3NB,"electricity consumption_(55576666666.667, 3890000000000]_0"
1833,0.2,A1JQJAWQ9YWTC3,"electricity consumption_(55576666666.667, 3890000000000]_0"
1834,0.1,AMA18W8F60Y2J,"electricity consumption_(55576666666.667, 3890000000000]_0"
1835,0.4,ADEMAGRRRGSPT,"electricity consumption_(55576666666.667, 3890000000000]_0"
1836,0.1,A2YRYS17DU3A8R,"electricity consumption_(55576666666.667, 3890000000000]_0"
1837,0.5,A1GF29TP5AVQ49,"electricity consumption_(55576666666.667, 3890000000000]_0"
1838,0.7,ATJFUHXPYHISH,"electricity consumption_(55576666666.667, 3890000000000]_0"
1839,0.2,A1743ZO14I4NFO,"electricity consumption_(55576666666.667, 3890000000000]_0"
1840,0.3,A3HMBHM8HJLKRD,"electricity consumption_(55576666666.667, 3890000000000]_0"
1841,0.8,A2IFBLO7S1UYTZ,"electricity consumption_(55576666666.667, 3890000000000]_0"
1842,0.6,AMYURTQIMAC8T,"electricity consumption_(55576666666.667, 3890000000000]_0"
1843,0.3,A1TM1ZFU4OIPTD,"electricity consumption_(55576666666.667, 3890000000000]_0"
1844,0.1,A127F80LLYOQ22,"electricity consumption_(55576666666.667, 3890000000000]_0"
1845,0.2,AOTF48KUV9KWM,"electricity consumption_(55576666666.667, 3890000000000]_0"
1846,0.5,A22JBMOHQKHTSS,"electricity consumption_(55576666666.667, 3890000000000]_0"
1847,0.1,A1ER8K8UM70Y7T,"electricity consumption_(55576666666.667, 3890000000000]_0"
1848,0.4,A491WHP3DPYZN,"electricity consumption_(55576666666.667, 3890000000000]_0"
1850,0.2,AVIH7MSMSTZCW,"electricity consumption_(55576666666.667, 3890000000000]_0"
1851,0.6,A30J1AQYJ3YTQP,"electricity consumption_(55576666666.667, 3890000000000]_0"
1852,0.3,A1KH1O9AZ7S642,"electricity consumption_(55576666666.667, 3890000000000]_0"
1853,0.1,A2P55H14NL382M,"electricity consumption_(55576666666.667, 3890000000000]_0"
1854,0.3,ATB9VOR75W6P3,"electricity consumption_(55576666666.667, 3890000000000]_0"
1855,0.8,A1R0689JPSQ3OF,"electricity consumption_(55576666666.667, 3890000000000]_1"
1856,0.7,A1EUK516LU9118,"electricity consumption_(55576666666.667, 3890000000000]_1"
1860,0.8,A10DCC73F2CKHC,"electricity consumption_(55576666666.667, 3890000000000]_1"
1861,0.5,A1F2YZD2VD1CTM,"electricity consumption_(55576666666.667, 3890000000000]_1"
1867,0.4,AOQCHCD338WQE,"electricity consumption_(55576666666.667, 3890000000000]_1"
1868,0.1,A1NITMHYG5YL3H,"electricity consumption_(55576666666.667, 3890000000000]_1"
1869,0.1,A15FXHC1CVNW31,"electricity consumption_(55576666666.667, 3890000000000]_1"
1870,0.9,A3IUIBMPBYHAF4,"electricity consumption_(55576666666.667, 3890000000000]_1"
1871,0.5,A1Q6IR9E7MW3BM,"electricity consumption_(55576666666.667, 3890000000000]_1"
1872,0.9,A3LE78DP9ZK2R7,"electricity consumption_(55576666666.667, 3890000000000]_1"
1873,0.8,A2WC2NO555XU3J,"electricity consumption_(55576666666.667, 3890000000000]_1"
1874,0.7,A3MKZ4HSQKNNOO,"electricity consumption_(55576666666.667, 3890000000000]_1"
1875,0.1,A1ZIFC5AFQCDZT,"electricity consumption_(55576666666.667, 3890000000000]_1"
1876,0.9,A3L2UB07EZJAMD,"electricity consumption_(55576666666.667, 3890000000000]_1"
1877,0.7,AVHZJ2HQJG3NB,"electricity consumption_(55576666666.667, 3890000000000]_1"
1878,0.7,A1JQJAWQ9YWTC3,"electricity consumption_(55576666666.667, 3890000000000]_1"
1879,0.8,AMA18W8F60Y2J,"electricity consumption_(55576666666.667, 3890000000000]_1"
1880,0.7,ADEMAGRRRGSPT,"electricity consumption_(55576666666.667, 3890000000000]_1"
1881,0.1,A2YRYS17DU3A8R,"electricity consumption_(55576666666.667, 3890000000000]_1"
1882,0.7,A1GF29TP5AVQ49,"electricity consumption_(55576666666.667, 3890000000000]_1"
1883,0.9,ATJFUHXPYHISH,"electricity consumption_(55576666666.667, 3890000000000]_1"
1884,0.9,A1743ZO14I4NFO,"electricity consumption_(55576666666.667, 3890000000000]_1"
1885,0.7,A3HMBHM8HJLKRD,"electricity consumption_(55576666666.667, 3890000000000]_1"
1886,0.2,A2IFBLO7S1UYTZ,"electricity consumption_(55576666666.667, 3890000000000]_1"
1887,0.2,AMYURTQIMAC8T,"electricity consumption_(55576666666.667, 3890000000000]_1"
1888,0.7,A1TM1ZFU4OIPTD,"electricity consumption_(55576666666.667, 3890000000000]_1"
1889,0.8,A127F80LLYOQ22,"electricity consumption_(55576666666.667, 3890000000000]_1"
1890,0.9,AOTF48KUV9KWM,"electricity consumption_(55576666666.667, 3890000000000]_1"
1891,0.5,A22JBMOHQKHTSS,"electricity consumption_(55576666666.667, 3890000000000]_1"
1892,0.7,A1ER8K8UM70Y7T,"electricity consumption_(55576666666.667, 3890000000000]_1"
1893,0.8,A491WHP3DPYZN,"electricity consumption_(55576666666.667, 3890000000000]_1"
1895,0.8,AVIH7MSMSTZCW,"electricity consumption_(55576666666.667, 3890000000000]_1"
1896,0.7,A30J1AQYJ3YTQP,"electricity consumption_(55576666666.667, 3890000000000]_1"
1897,0.7,A1KH1O9AZ7S642,"electricity consumption_(55576666666.667, 3890000000000]_1"
1898,0.1,A2P55H14NL382M,"electricity consumption_(55576666666.667, 3890000000000]_1"
1899,0.7,ATB9VOR75W6P3,"electricity consumption_(55576666666.667, 3890000000000]_1"
1900,0.6,A1R0689JPSQ3OF,"electricity consumption_(55576666666.667, 3890000000000]"
1901,0.4,A1EUK516LU9118,"electricity consumption_(55576666666.667, 3890000000000]"
1905,0.7,A10DCC73F2CKHC,"electricity consumption_(55576666666.667, 3890000000000]"
1906,0.5,A1F2YZD2VD1CTM,"electricity consumption_(55576666666.667, 3890000000000]"
1912,0.6,AOQCHCD338WQE,"electricity consumption_(55576666666.667, 3890000000000]"
1913,0.5,A1NITMHYG5YL3H,"electricity consumption_(55576666666.667, 3890000000000]"
1914,0.6,A15FXHC1CVNW31,"electricity consumption_(55576666666.667, 3890000000000]"
1915,0.5,A3IUIBMPBYHAF4,"electricity consumption_(55576666666.667, 3890000000000]"
1916,0.5,A1Q6IR9E7MW3BM,"electricity consumption_(55576666666.667, 3890000000000]"
1917,0.3,A3LE78DP9ZK2R7,"electricity consumption_(55576666666.667, 3890000000000]"
1918,0.5,A2WC2NO555XU3J,"electricity consumption_(55576666666.667, 3890000000000]"
1919,0.6,A3MKZ4HSQKNNOO,"electricity consumption_(55576666666.667, 3890000000000]"
1920,0.2,A1ZIFC5AFQCDZT,"electricity consumption_(55576666666.667, 3890000000000]"
1921,0.4,A3L2UB07EZJAMD,"electricity consumption_(55576666666.667, 3890000000000]"
1922,0.5,AVHZJ2HQJG3NB,"electricity consumption_(55576666666.667, 3890000000000]"
1923,0.3,A1JQJAWQ9YWTC3,"electricity consumption_(55576666666.667, 3890000000000]"
1924,0.7,AMA18W8F60Y2J,"electricity consumption_(55576666666.667, 3890000000000]"
1925,0.6,ADEMAGRRRGSPT,"electricity consumption_(55576666666.667, 3890000000000]"
1926,0.1,A2YRYS17DU3A8R,"electricity consumption_(55576666666.667, 3890000000000]"
1927,0.7,A1GF29TP5AVQ49,"electricity consumption_(55576666666.667, 3890000000000]"
1928,0.4,ATJFUHXPYHISH,"electricity consumption_(55576666666.667, 3890000000000]"
1929,0.5,A1743ZO14I4NFO,"electricity consumption_(55576666666.667, 3890000000000]"
1930,0.8,A3HMBHM8HJLKRD,"electricity consumption_(55576666666.667, 3890000000000]"
1931,0.2,A2IFBLO7S1UYTZ,"electricity consumption_(55576666666.667, 3890000000000]"
1932,0.1,AMYURTQIMAC8T,"electricity consumption_(55576666666.667, 3890000000000]"
1933,0.5,A1TM1ZFU4OIPTD,"electricity consumption_(55576666666.667, 3890000000000]"
1934,0.6,A127F80LLYOQ22,"electricity consumption_(55576666666.667, 3890000000000]"
1935,0.5,AOTF48KUV9KWM,"electricity consumption_(55576666666.667, 3890000000000]"
1936,0.5,A22JBMOHQKHTSS,"electricity consumption_(55576666666.667, 3890000000000]"
1937,0.4,A1ER8K8UM70Y7T,"electricity consumption_(55576666666.667, 3890000000000]"
1938,0.7,A491WHP3DPYZN,"electricity consumption_(55576666666.667, 3890000000000]"
1940,0.3,AVIH7MSMSTZCW,"electricity consumption_(55576666666.667, 3890000000000]"
1941,0.6,A30J1AQYJ3YTQP,"electricity consumption_(55576666666.667, 3890000000000]"
1942,0.3,A1KH1O9AZ7S642,"electricity consumption_(55576666666.667, 3890000000000]"
1943,0.6,A2P55H14NL382M,"electricity consumption_(55576666666.667, 3890000000000]"
1944,0.6,ATB9VOR75W6P3,"electricity consumption_(55576666666.667, 3890000000000]"
1945,0.6,A2CF2BD4Q0ZDJN,region_5_0
1946,0.3,A1PY5N4FASWD01,region_5_0
1947,0.8,A27SMEOPKV84VI,region_5_0
1948,0.2,A2VBSFSJXLZZ7A,region_5_0
1949,0.1,A6KIHXQ85IH67,region_5_0
1950,0.3,A1YY98SJG37KSU,region_5_0
1951,0.5,AH4W0KRSGIH0J,region_5_0
1952,0.7,A2VU8AC7MY3721,region_5_0
1953,0.9,A1ZD9SJXQ9C6EW,region_5_0
1954,0.5,A360G7Q6RO5XRL,region_5_0
1955,0.1,A3BGQS3TMP7RQG,region_5_0
1956,0.8,ACJK1CSODSI6N,region_5_0
1962,0.3,ATB9VOR75W6P3,region_5_0
1963,0.7,A2YXL5GQ3LZUY0,region_5_0
1964,0.8,A3Y2Z6ZK6HEAC,region_5_0
1965,0.9,ANMXMEB55AGM6,region_5_0
1966,0.3,ADAGUJNWMEPT6,region_5_0
1967,0.8,A3EIVR2LS7CCWB,region_5_0
1968,0.8,A1JSUTQQBKXS86,region_5_0
1969,0.2,A3O3RIY1ELZ6YR,region_5_0
1970,0.8,ANGB67ECCF73,region_5_0
1971,0.3,A34MRQ1OP87XC6,region_5_0
1972,0.4,A1QG4WF9ZTZTK2,region_5_0
1973,0.9,A2O2Q0LVWOWJ1G,region_5_0
1974,0.7,A356795ET25HER,region_5_0
1975,0.3,A2CF2BD4Q0ZDJN,region_5_1
1976,0.4,A1PY5N4FASWD01,region_5_1
1977,0.2,A27SMEOPKV84VI,region_5_1
1978,0.1,A2VBSFSJXLZZ7A,region_5_1
1979,0.8,A6KIHXQ85IH67,region_5_1
1980,0.7,A1YY98SJG37KSU,region_5_1
1981,0.6,AH4W0KRSGIH0J,region_5_1
1982,0.6,A2VU8AC7MY3721,region_5_1
1983,0.1,A1ZD9SJXQ9C6EW,region_5_1
1984,0.1,A360G7Q6RO5XRL,region_5_1
1985,0.4,A3BGQS3TMP7RQG,region_5_1
1986,0.2,ACJK1CSODSI6N,region_5_1
1992,0.4,ATB9VOR75W6P3,region_5_1
1993,0.3,A2YXL5GQ3LZUY0,region_5_1
1994,0.6,A3Y2Z6ZK6HEAC,region_5_1
1995,0.1,ANMXMEB55AGM6,region_5_1
1996,0.1,ADAGUJNWMEPT6,region_5_1
1997,0.2,A3EIVR2LS7CCWB,region_5_1
1998,0.2,A1JSUTQQBKXS86,region_5_1
1999,0.2,A3O3RIY1ELZ6YR,region_5_1
2000,0.8,ANGB67ECCF73,region_5_1
2001,0.2,A34MRQ1OP87XC6,region_5_1
2002,0.6,A1QG4WF9ZTZTK2,region_5_1
2003,0.1,A2O2Q0LVWOWJ1G,region_5_1
2004,0.1,A356795ET25HER,region_5_1
2005,0.1,A2CF2BD4Q0ZDJN,region_5
2006,0.1,A1PY5N4FASWD01,region_5
2007,0.1,A27SMEOPKV84VI,region_5
2008,0.1,A2VBSFSJXLZZ7A,region_5
2009,0.5,A6KIHXQ85IH67,region_5
2010,0.3,A1YY98SJG37KSU,region_5
2011,0.2,AH4W0KRSGIH0J,region_5
2012,0.4,A2VU8AC7MY3721,region_5
2013,0.3,A1ZD9SJXQ9C6EW,region_5
2014,0.7,A360G7Q6RO5XRL,region_5
2015,0.1,A3BGQS3TMP7RQG,region_5
2016,0.1,ACJK1CSODSI6N,region_5
2022,0.1,ATB9VOR75W6P3,region_5
2023,0.7,A2YXL5GQ3LZUY0,region_5
2024,0.3,A3Y2Z6ZK6HEAC,region_5
2025,0.1,ANMXMEB55AGM6,region_5
2026,0.1,ADAGUJNWMEPT6,region_5
2027,0.2,A3EIVR2LS7CCWB,region_5
2028,0.1,A1JSUTQQBKXS86,region_5
2029,0.4,A3O3RIY1ELZ6YR,region_5
2030,0.3,ANGB67ECCF73,region_5
2031,0.4,A34MRQ1OP87XC6,region_5
2032,0.4,A1QG4WF9ZTZTK2,region_5
2033,0.2,A2O2Q0LVWOWJ1G,region_5
2034,0.1,A356795ET25HER,region_5
